YAL005C,YAR002W
YAL005C,YCL028W
YAL005C,YDR192C
YAL005C,YLR335W
YAL005C,YLR347C
YAL007C,YBR036C
YAL007C,YBR183W
YAL007C,YCL025C
YAL007C,YEL063C
YAL007C,YGL200C
YAL007C,YGR060W
YAL007C,YHR026W
YAL007C,YHR110W
YAL007C,YHR140W
YAL007C,YJL117W
YAL007C,YNL130C
YAL007C,YPL076W
YAL007C,YPL264C
YAL011W,YDR334W
YAL011W,YGR002C
YAL011W,YNL107W
YAL011W,YOL012C
YAL011W,YOR269W
YAL015C,YDL029W
YAL015C,YDL059C
YAL015C,YDR214W
YAL015C,YGR282C
YAL015C,YJL088W
YAL015C,YJR068W
YAL015C,YPR110C
YAL016W,YDL134C
YAL016W,YDL188C
YAL016W,YGL190C
YAL016W,YML109W
YAL016W,YMR109W
YAL016W,YMR273C
YAL017W,YER054C
YAL017W,YER133W
YAL017W,YLR258W
YAL017W,YOL045W
YAL017W,YPR160W
YAL018C,YHR026W
YAL021C,YCR093W
YAL021C,YDL165W
YAL021C,YGR092W
YAL021C,YKR036C
YAL021C,YNL288W
YAL021C,YNR052C
YAL021C,YPL042C
YAL021C,YPR072W
YAL024C,YHR158C
YAL029C,YBR130C
YAL032C,YDR416W
YAL032C,YGL120C
YAL032C,YKL095W
YAL032C,YKL173W
YAL032C,YLR117C
YAL032C,YPL151C
YAL035W,YGL130W
YAL035W,YMR309C
YAL035W,YOR361C
YAL035W,YPR041W
YAL040C,YJL157C
YAL040C,YLR182W
YAL040C,YOR269W
YAL040C,YPL014W
YAL041W,YBR200W
YAL041W,YER114C
YAL041W,YHL007C
YAL041W,YJL157C
YAL041W,YLR229C
YAL043C,YDR195W
YAL043C,YDR228C
YAL043C,YDR301W
YAL043C,YER133W
YAL043C,YJL033W
YAL043C,YJR093C
YAL043C,YKL018W
YAL043C,YKL059C
YAL043C,YKR002W
YAL043C,YLR115W
YAL043C,YMR061W
YAL043C,YNL317W
YAR002W,YGL097W
YAR002W,YLR293C
YAR002W,YLR335W
YAR002W,YLR347C
YAR002W,YMR047C
YAR002W,YOR133W
YAR003W,YBR175W
YAR003W,YHR119W
YAR003W,YKL018W
YAR007C,YBR136W
YAR007C,YDL029W
YAR007C,YDR097C
YAR007C,YJL173C
YAR007C,YML032C
YAR007C,YNL312W
YAR014C,YER133W
YAR014C,YER167W
YAR014C,YOR178C
YAR018C,YIL070C
YAR019C,YDL126C
YAR019C,YGR092W
YAR019C,YHR169W
YAR019C,YMR205C
YAR027W,YEL063C
YAR027W,YGR060W
YAR027W,YGR284C
YAR027W,YIL016W
YAR027W,YJL002C
YAR027W,YLR018C
YAR027W,YMR149W
YAR027W,YMR264W
YAR027W,YOL156W
YBL002W,YDR496C
YBL002W,YOR207C
YBL004W,YBR247C
YBL004W,YCL059C
YBL004W,YCR057C
YBL004W,YDL213C
YBL004W,YER082C
YBL004W,YGR090W
YBL004W,YHR089C
YBL004W,YNL110C
YBL004W,YPL043W
YBL004W,YPR137W
YBL007C,YBL105C
YBL007C,YBR108W
YBL007C,YCL031C
YBL007C,YCR088W
YBL007C,YDR277C
YBL007C,YDR388W
YBL007C,YER118C
YBL007C,YFR024C-A
YBL007C,YGL181W
YBL007C,YHL002W
YBL007C,YHR016C
YBL007C,YHR114W
YBL007C,YIL095W
YBL007C,YIL156W
YBL007C,YIR003W
YBL007C,YIR006C
YBL007C,YJL020C
YBL007C,YLR144C
YBL007C,YLR191W
YBL007C,YLR337C
YBL007C,YMR109W
YBL007C,YNL020C
YBL007C,YNL084C
YBL007C,YNL094W
YBL007C,YOR181W
YBL007C,YPR171W
YBL016W,YDR480W
YBL016W,YHR084W
YBL016W,YJL076W
YBL016W,YPL049C
YBL021C,YGL237C
YBL026W,YCR077C
YBL026W,YDL160C
YBL026W,YDR378C
YBL026W,YEL015W
YBL026W,YER112W
YBL026W,YER146W
YBL026W,YGL173C
YBL026W,YGR091W
YBL026W,YHR165C
YBL026W,YIL066C
YBL026W,YJL124C
YBL026W,YJL157C
YBL026W,YJR022W
YBL026W,YLR147C
YBL026W,YLR275W
YBL026W,YLR438C-A
YBL026W,YNL118C
YBL026W,YNL147W
YBL026W,YOL149W
YBL039C,YDL029W
YBL039C,YDR394W
YBL039C,YFR004W
YBL039C,YHR200W
YBL039C,YIL094C
YBL039C,YJR109C
YBL039C,YLR180W
YBL039C,YOR261C
YBL045C,YDL179W
YBL045C,YMR036C
YBL045C,YPR191W
YBL047C,YBL105C
YBL047C,YBR059C
YBL047C,YCR030C
YBL049W,YER066C-A
YBL050W,YGR009C
YBL050W,YLR268W
YBL050W,YMR197C
YBL056W,YBR039W
YBL056W,YDL059C
YBL056W,YDL060W
YBL056W,YNL250W
YBL075C,YIL142W
YBL085W,YBR200W
YBL085W,YCL024W
YBL085W,YDR239C
YBL085W,YLR229C
YBL085W,YMR032W
YBL085W,YMR273C
YBL085W,YNL078W
YBL085W,YPL115C
YBL093C,YBR193C
YBL093C,YDR308C
YBL093C,YER022W
YBL093C,YGR104C
YBL093C,YHR041C
YBL093C,YHR058C
YBL093C,YNL236W
YBL093C,YNR010W
YBL093C,YOL051W
YBL093C,YOL135C
YBL093C,YOR174W
YBL099W,YBR039W
YBL099W,YDL029W
YBL099W,YGR092W
YBL099W,YGR240C
YBL099W,YJR121W
YBL103C,YHR186C
YBL103C,YIR023W
YBL103C,YJR066W
YBL103C,YNL006W
YBL105C,YBR059C
YBL105C,YCR030C
YBL105C,YJL002C
YBR010W,YDR224C
YBR010W,YDR225W
YBR010W,YJL081C
YBR010W,YLR442C
YBR010W,YNL030W
YBR011C,YDR129C
YBR017C,YDR062W
YBR017C,YHL007C
YBR020W,YCL018W
YBR020W,YDR128W
YBR020W,YDR394W
YBR020W,YGL137W
YBR020W,YLR044C
YBR020W,YOL139C
YBR020W,YPL240C
YBR036C,YBR106W
YBR036C,YBR159W
YBR036C,YCL052C
YBR036C,YCR034W
YBR036C,YDL015C
YBR036C,YDL212W
YBR036C,YDR276C
YBR036C,YDR307W
YBR036C,YEL027W
YBR036C,YEL063C
YBR036C,YER026C
YBR036C,YGL051W
YBR036C,YGR284C
YBR036C,YHR026W
YBR036C,YHR110W
YBR036C,YHR140W
YBR036C,YIL016W
YBR036C,YJL196C
YBR036C,YJR117W
YBR036C,YKL065C
YBR036C,YKL154W
YBR036C,YLR018C
YBR036C,YLR372W
YBR036C,YML048W
YBR036C,YMR215W
YBR036C,YNL044W
YBR036C,YOR016C
YBR036C,YPL076W
YBR036C,YPL227C
YBR036C,YPL264C
YBR036C,YPR198W
YBR039W,YJR121W
YBR054W,YJR010C-A
YBR054W,YNL048W
YBR055C,YCR002C
YBR055C,YDR129C
YBR055C,YDR283C
YBR055C,YDR473C
YBR055C,YER172C
YBR055C,YGR091W
YBR055C,YHR165C
YBR055C,YJL138C
YBR055C,YJR022W
YBR055C,YLR147C
YBR055C,YPR178W
YBR059C,YIL095W
YBR059C,YIR006C
YBR059C,YNL020C
YBR059C,YNL243W
YBR069C,YCR034W
YBR069C,YDL015C
YBR069C,YGL200C
YBR069C,YGR284C
YBR069C,YHR110W
YBR069C,YJL117W
YBR069C,YJR010C-A
YBR069C,YKL065C
YBR069C,YLR372W
YBR069C,YML048W
YBR069C,YOR016C
YBR069C,YPR198W
YBR072W,YDL029W
YBR072W,YIL142W
YBR079C,YDR429C
YBR079C,YMR146C
YBR079C,YMR309C
YBR079C,YNL244C
YBR079C,YOL087C
YBR079C,YOR039W
YBR079C,YOR361C
YBR079C,YPL237W
YBR079C,YPR041W
YBR079C,YPR086W
YBR081C,YBR198C
YBR081C,YBR253W
YBR081C,YDR167W
YBR081C,YDR176W
YBR081C,YDR216W
YBR081C,YDR448W
YBR081C,YGL112C
YBR081C,YGR252W
YBR081C,YHR099W
YBR081C,YMR236W
YBR081C,YOL148C
YBR081C,YOR119C
YBR088C,YDL164C
YBR088C,YJR068W
YBR088C,YMR167W
YBR088C,YNL290W
YBR088C,YOL094C
YBR095C,YMR159C
YBR095C,YOL004W
YBR102C,YER008C
YBR103W,YCR077C
YBR103W,YDR227W
YBR103W,YML109W
YBR103W,YMR273C
YBR103W,YOR319W
YBR106W,YBR110W
YBR106W,YBR183W
YBR106W,YBR283C
YBR106W,YBR290W
YBR106W,YCL025C
YBR106W,YDL015C
YBR106W,YDR297W
YBR106W,YDR307W
YBR106W,YDR331W
YBR106W,YDR414C
YBR106W,YEL002C
YBR106W,YEL017C-A
YBR106W,YEL027W
YBR106W,YEL063C
YBR106W,YGL051W
YBR106W,YGL200C
YBR106W,YGR060W
YBR106W,YGR260W
YBR106W,YHL042W
YBR106W,YHL048W
YBR106W,YHR026W
YBR106W,YHR133C
YBR106W,YHR140W
YBR106W,YHR142W
YBR106W,YJL117W
YBR106W,YJL196C
YBR106W,YJR010C-A
YBR106W,YLL028W
YBR106W,YML075C
YBR106W,YMR058W
YBR106W,YMR149W
YBR106W,YMR215W
YBR106W,YNL101W
YBR106W,YPL076W
YBR106W,YPL264C
YBR106W,YPL274W
YBR106W,YPR156C
YBR108W,YCR088W
YBR108W,YJL020C
YBR108W,YMR032W
YBR109C,YDR356W
YBR109C,YIL095W
YBR110W,YBR159W
YBR110W,YBR290W
YBR110W,YCR034W
YBR110W,YDL015C
YBR110W,YDR307W
YBR110W,YDR331W
YBR110W,YEL002C
YBR110W,YEL017C-A
YBR110W,YEL063C
YBR110W,YGL200C
YBR110W,YGR060W
YBR110W,YHL048W
YBR110W,YHR026W
YBR110W,YHR133C
YBR110W,YHR140W
YBR110W,YHR142W
YBR110W,YJR010C-A
YBR110W,YKL065C
YBR110W,YLL028W
YBR110W,YLL061W
YBR110W,YLR372W
YBR110W,YML123C
YBR110W,YMR058W
YBR110W,YMR215W
YBR110W,YPL076W
YBR110W,YPL264C
YBR110W,YPL274W
YBR110W,YPR156C
YBR118W,YDL126C
YBR118W,YFL039C
YBR118W,YGR240C
YBR118W,YHR183W
YBR118W,YMR205C
YBR126C,YJL138C
YBR127C,YDL029W
YBR127C,YDL185W
YBR127C,YDR328C
YBR127C,YDR394W
YBR130C,YKL130C
YBR135W,YLR079W
YBR135W,YPL014W
YBR135W,YPR119W
YBR135W,YPR120C
YBR136W,YBR143C
YBR136W,YDR097C
YBR136W,YDR499W
YBR136W,YJL173C
YBR136W,YNL312W
YBR142W,YDR060W
YBR142W,YDR466W
YBR142W,YDR496C
YBR142W,YGL111W
YBR142W,YHR052W
YBR142W,YHR066W
YBR142W,YJL095W
YBR142W,YKL014C
YBR142W,YLL019C
YBR142W,YMR049C
YBR142W,YMR290C
YBR142W,YNL002C
YBR142W,YNL061W
YBR142W,YOL041C
YBR142W,YOR272W
YBR142W,YPL043W
YBR142W,YPL093W
YBR142W,YPL141C
YBR152W,YDL030W
YBR152W,YDR473C
YBR152W,YER029C
YBR152W,YER172C
YBR152W,YGR091W
YBR152W,YJL203W
YBR152W,YKL173W
YBR152W,YML049C
YBR152W,YMR240C
YBR152W,YOR308C
YBR152W,YPR178W
YBR154C,YDL140C
YBR154C,YDR404C
YBR154C,YER125W
YBR154C,YGL070C
YBR154C,YIL021W
YBR154C,YJL140W
YBR154C,YJR063W
YBR154C,YKL144C
YBR154C,YOR116C
YBR154C,YOR151C
YBR154C,YOR224C
YBR154C,YOR341W
YBR154C,YPL203W
YBR155W,YGR187C
YBR159W,YBR183W
YBR159W,YBR283C
YBR159W,YBR290W
YBR159W,YCL025C
YBR159W,YCR024C-A
YBR159W,YDL015C
YBR159W,YDR297W
YBR159W,YDR307W
YBR159W,YDR331W
YBR159W,YDR414C
YBR159W,YEL002C
YBR159W,YEL017C-A
YBR159W,YEL063C
YBR159W,YGL104C
YBR159W,YGL200C
YBR159W,YGR060W
YBR159W,YGR260W
YBR159W,YHL042W
YBR159W,YHL048W
YBR159W,YHR026W
YBR159W,YHR110W
YBR159W,YHR133C
YBR159W,YHR140W
YBR159W,YHR142W
YBR159W,YJL196C
YBR159W,YJR010C-A
YBR159W,YKL008C
YBR159W,YLL023C
YBR159W,YLL028W
YBR159W,YML048W
YBR159W,YML075C
YBR159W,YMR058W
YBR159W,YMR149W
YBR159W,YMR215W
YBR159W,YNL101W
YBR159W,YNL130C
YBR159W,YOL132W
YBR159W,YPL076W
YBR159W,YPL264C
YBR159W,YPL274W
YBR159W,YPR156C
YBR160W,YGR092W
YBR160W,YJL157C
YBR160W,YLR096W
YBR160W,YMR001C
YBR160W,YPR111W
YBR160W,YPR120C
YBR171W,YHL042W
YBR171W,YLR292C
YBR171W,YOR254C
YBR175W,YHR119W
YBR175W,YKL018W
YBR176W,YPL070W
YBR183W,YBR290W
YBR183W,YCR034W
YBR183W,YDL212W
YBR183W,YDR276C
YBR183W,YDR331W
YBR183W,YFL048C
YBR183W,YGR060W
YBR183W,YGR284C
YBR183W,YHL048W
YBR183W,YHR140W
YBR183W,YIL016W
YBR183W,YJL117W
YBR183W,YJR117W
YBR183W,YKL065C
YBR183W,YKL154W
YBR183W,YLR018C
YBR183W,YLR372W
YBR183W,YML048W
YBR183W,YML067C
YBR183W,YMR149W
YBR183W,YNL101W
YBR183W,YOL132W
YBR183W,YOR016C
YBR183W,YOR254C
YBR183W,YPL076W
YBR183W,YPL227C
YBR193C,YBR253W
YBR193C,YDL005C
YBR193C,YER022W
YBR193C,YER148W
YBR193C,YGL127C
YBR193C,YGR104C
YBR193C,YHR041C
YBR193C,YOL051W
YBR193C,YOL135C
YBR196C,YJL138C
YBR198C,YDR167W
YBR198C,YDR176W
YBR198C,YDR216W
YBR198C,YDR448W
YBR198C,YEL009C
YBR198C,YER148W
YBR198C,YGL112C
YBR198C,YGR274C
YBR198C,YHR041C
YBR198C,YHR099W
YBR198C,YML015C
YBR198C,YMR236W
YBR198C,YOR119C
YBR200W,YER114C
YBR200W,YHL007C
YBR200W,YLR229C
YBR200W,YLR337C
YBR200W,YMR109W
YBR200W,YNL094W
YBR200W,YNL298W
YBR200W,YPL038W
YBR208C,YHR020W
YBR217W,YDL029W
YBR217W,YDL097C
YBR217W,YDL147W
YBR217W,YDR394W
YBR217W,YER021W
YBR217W,YFR004W
YBR217W,YGL048C
YBR217W,YGR240C
YBR217W,YHR027C
YBR217W,YHR200W
YBR217W,YIL128W
YBR217W,YKL145W
YBR217W,YPL149W
YBR217W,YPR108W
YBR221C,YCR079W
YBR221C,YER178W
YBR231C,YDR334W
YBR231C,YGR002C
YBR231C,YOL012C
YBR234C,YDL029W
YBR234C,YJR065C
YBR234C,YLR370C
YBR234C,YNR035C
YBR247C,YCL059C
YBR247C,YCR057C
YBR247C,YDL014W
YBR247C,YDL060W
YBR247C,YER082C
YBR247C,YGR090W
YBR247C,YKL143W
YBR247C,YLL011W
YBR247C,YLR175W
YBR247C,YLR186W
YBR247C,YMR093W
YBR247C,YNL132W
YBR247C,YNL207W
YBR247C,YPL012W
YBR251W,YGL129C
YBR253W,YDL005C
YBR253W,YDR308C
YBR253W,YDR448W
YBR253W,YER022W
YBR253W,YGL112C
YBR253W,YGR104C
YBR253W,YGR252W
YBR253W,YHR041C
YBR253W,YHR058C
YBR253W,YML007W
YBR253W,YNL025C
YBR253W,YNL236W
YBR253W,YNR010W
YBR253W,YOL051W
YBR253W,YOL135C
YBR253W,YOR174W
YBR253W,YPL042C
YBR253W,YPL248C
YBR264C,YGL198W
YBR264C,YNL263C
YBR270C,YPL124W
YBR272C,YDL007W
YBR272C,YDL097C
YBR272C,YDR394W
YBR272C,YDR427W
YBR272C,YER021W
YBR272C,YFR052W
YBR272C,YGL004C
YBR272C,YGL048C
YBR272C,YGR232W
YBR272C,YKL145W
YBR272C,YOR117W
YBR272C,YOR261C
YBR274W,YDL042C
YBR274W,YDR113C
YBR274W,YJL076W
YBR274W,YKR010C
YBR275C,YDL042C
YBR275C,YDL230W
YBR275C,YFR028C
YBR275C,YLR019W
YBR280C,YDL132W
YBR280C,YDR328C
YBR280C,YEL060C
YBR283C,YCR034W
YBR283C,YGL051W
YBR283C,YGR284C
YBR283C,YHR140W
YBR283C,YIL016W
YBR283C,YJL117W
YBR283C,YJR117W
YBR283C,YKL008C
YBR283C,YKL065C
YBR283C,YKL154W
YBR283C,YLR372W
YBR283C,YML048W
YBR283C,YMR215W
YBR283C,YPL076W
YBR283C,YPR028W
YBR288C,YDR394W
YBR290W,YCR024C-A
YBR290W,YCR034W
YBR290W,YDL015C
YBR290W,YDL212W
YBR290W,YDR297W
YBR290W,YGL051W
YBR290W,YGR284C
YBR290W,YHR133C
YBR290W,YIL016W
YBR290W,YJL117W
YBR290W,YJL196C
YBR290W,YJR117W
YBR290W,YKL008C
YBR290W,YKL065C
YBR290W,YLR018C
YBR290W,YLR372W
YBR290W,YML048W
YBR290W,YMR215W
YBR290W,YOR016C
YBR290W,YPL076W
YBR290W,YPL227C
YBR290W,YPR028W
YBR290W,YPR156C
YBR293W,YGR260W
YBR293W,YLR083C
YBR298C,YDR276C
YBR298C,YEL027W
YBR298C,YHL042W
YCL011C,YDR138W
YCL011C,YNL139C
YCL014W,YGL158W
YCL014W,YJR092W
YCL018W,YDL029W
YCL018W,YDR394W
YCL018W,YIL142W
YCL018W,YMR205C
YCL018W,YMR246W
YCL024W,YCR002C
YCL024W,YDL225W
YCL024W,YHR107C
YCL024W,YJR076C
YCL024W,YLR314C
YCL024W,YMR139W
YCL025C,YCR034W
YCL025C,YDL212W
YCL025C,YDR276C
YCL025C,YER026C
YCL025C,YFL041W
YCL025C,YGR060W
YCL025C,YGR284C
YCL025C,YHR026W
YCL025C,YHR133C
YCL025C,YIL016W
YCL025C,YJL117W
YCL025C,YKL008C
YCL025C,YKL065C
YCL025C,YLR343W
YCL025C,YLR372W
YCL025C,YML048W
YCL025C,YMR215W
YCL025C,YOR016C
YCL025C,YPL076W
YCL025C,YPL227C
YCL025C,YPR198W
YCL028W,YNL064C
YCL031C,YHL002W
YCL031C,YMR109W
YCL037C,YDL175C
YCL037C,YGR162W
YCL039W,YPL139C
YCL040W,YFL039C
YCL052C,YEL063C
YCL052C,YHR026W
YCL052C,YHR142W
YCL059C,YCR057C
YCL059C,YDL014W
YCL059C,YDL213C
YCL059C,YDR324C
YCL059C,YER082C
YCL059C,YGR145W
YCL059C,YJL109C
YCL059C,YLL011W
YCL059C,YLR175W
YCL059C,YLR186W
YCL059C,YLR197W
YCL059C,YMR093W
YCL059C,YMR116C
YCL059C,YNL132W
YCL059C,YNL308C
YCL059C,YPL126W
YCL059C,YPR137W
YCL064C,YDL029W
YCL064C,YPL140C
YCR002C,YDL225W
YCR002C,YDR507C
YCR002C,YGL158W
YCR002C,YHR107C
YCR002C,YJL138C
YCR002C,YJR076C
YCR002C,YLR314C
YCR009C,YDR388W
YCR009C,YGL137W
YCR009C,YPL140C
YCR014C,YOR005C
YCR024C-A,YDR331W
YCR024C-A,YDR414C
YCR024C-A,YEL063C
YCR024C-A,YGR284C
YCR024C-A,YJL004C
YCR024C-A,YLL023C
YCR024C-A,YLR241W
YCR024C-A,YLR372W
YCR024C-A,YOL132W
YCR024C-A,YPL227C
YCR034W,YDL015C
YCR034W,YDR276C
YCR034W,YDR297W
YCR034W,YDR307W
YCR034W,YDR331W
YCR034W,YEL002C
YCR034W,YEL017C-A
YCR034W,YEL063C
YCR034W,YGL200C
YCR034W,YGR060W
YCR034W,YGR260W
YCR034W,YHL042W
YCR034W,YHL048W
YCR034W,YHR110W
YCR034W,YHR133C
YCR034W,YHR140W
YCR034W,YHR142W
YCR034W,YJL117W
YCR034W,YJL196C
YCR034W,YJR010C-A
YCR034W,YLL028W
YCR034W,YLR018C
YCR034W,YMR058W
YCR034W,YMR149W
YCR034W,YMR215W
YCR034W,YNL101W
YCR034W,YOL132W
YCR034W,YPL076W
YCR034W,YPL264C
YCR034W,YPL274W
YCR034W,YPR156C
YCR035C,YDR280W
YCR035C,YGR095C
YCR035C,YGR195W
YCR035C,YOL021C
YCR057C,YDL014W
YCR057C,YDL213C
YCR057C,YDR324C
YCR057C,YER082C
YCR057C,YGR090W
YCR057C,YGR145W
YCR057C,YHR196W
YCR057C,YJL033W
YCR057C,YJL069C
YCR057C,YJL109C
YCR057C,YLL011W
YCR057C,YLR175W
YCR057C,YLR186W
YCR057C,YLR197W
YCR057C,YMR093W
YCR057C,YNL132W
YCR057C,YPL126W
YCR077C,YDL160C
YCR077C,YDR378C
YCR077C,YER112W
YCR077C,YER146W
YCR077C,YGL173C
YCR077C,YJL124C
YCR077C,YJR022W
YCR077C,YLR438C-A
YCR077C,YNL118C
YCR077C,YNL147W
YCR079W,YIL125W
YCR079W,YJL138C
YCR079W,YNL244C
YCR084C,YGR083C
YCR086W,YDR247W
YCR086W,YDR439W
YCR086W,YFR028C
YCR086W,YKR010C
YCR087C-A,YDR510W
YCR088W,YDL029W
YCR088W,YDR277C
YCR088W,YDR388W
YCR088W,YFL039C
YCR088W,YFR024C-A
YCR088W,YGR136W
YCR088W,YHR016C
YCR088W,YIL095W
YCR088W,YIR003W
YCR088W,YJL020C
YCR088W,YMR109W
YCR088W,YNL020C
YCR088W,YNL094W
YCR088W,YNL106C
YCR088W,YNL138W
YCR088W,YNL243W
YCR088W,YOR047C
YCR088W,YOR284W
YCR088W,YPR171W
YCR092C,YDR097C
YCR092C,YOL090W
YCR093W,YDL165W
YCR093W,YDR167W
YCR093W,YGR274C
YCR093W,YML015C
YCR093W,YNL025C
YCR093W,YNL288W
YCR093W,YNR052C
YCR093W,YPL042C
YCR093W,YPR072W
YDL002C,YJL081C
YDL005C,YER022W
YDL005C,YGR104C
YDL005C,YHR041C
YDL005C,YHR058C
YDL005C,YML007W
YDL005C,YNL236W
YDL005C,YNR010W
YDL005C,YOL051W
YDL005C,YOL135C
YDL005C,YOR174W
YDL005C,YPL042C
YDL006W,YDR162C
YDL007W,YDL097C
YDL007W,YDL147W
YDL007W,YDR394W
YDL007W,YEL037C
YDL007W,YER012W
YDL007W,YFR004W
YDL007W,YFR010W
YDL007W,YFR052W
YDL007W,YGL004C
YDL007W,YGR232W
YDL007W,YHR027C
YDL007W,YHR200W
YDL007W,YKL145W
YDL007W,YPR108W
YDL013W,YLR006C
YDL013W,YLR438C-A
YDL014W,YDR060W
YDL014W,YER082C
YDL014W,YGL130W
YDL014W,YGR090W
YDL014W,YGR103W
YDL014W,YHR089C
YDL014W,YJL033W
YDL014W,YJL069C
YDL014W,YLL011W
YDL014W,YLR175W
YDL014W,YLR197W
YDL014W,YNL061W
YDL014W,YOR267C
YDL014W,YPL043W
YDL015C,YDL232W
YDL015C,YDR307W
YDL015C,YDR331W
YDL015C,YGL200C
YDL015C,YGR060W
YDL015C,YGR284C
YDL015C,YHL048W
YDL015C,YHR026W
YDL015C,YHR133C
YDL015C,YHR140W
YDL015C,YJL117W
YDL015C,YJL196C
YDL015C,YJR117W
YDL015C,YKL008C
YDL015C,YKL065C
YDL015C,YKL154W
YDL015C,YLR343W
YDL015C,YLR372W
YDL015C,YML048W
YDL015C,YMR215W
YDL015C,YNL101W
YDL015C,YOR016C
YDL015C,YPL264C
YDL015C,YPR028W
YDL017W,YDL132W
YDL017W,YDR394W
YDL017W,YGL048C
YDL017W,YGL137W
YDL017W,YHR027C
YDL017W,YKL145W
YDL017W,YML057W
YDL017W,YMR001C
YDL017W,YMR205C
YDL017W,YNL113W
YDL017W,YOR117W
YDL017W,YOR259C
YDL017W,YPL240C
YDL025C,YGR103W
YDL025C,YJL076W
YDL025C,YMR049C
YDL025C,YOR061W
YDL028C,YDR356W
YDL028C,YIL144W
YDL028C,YOL069W
YDL028C,YPL124W
YDL029W,YDL047W
YDL029W,YDL055C
YDL029W,YDL126C
YDL029W,YDL225W
YDL029W,YDR127W
YDL029W,YDR143C
YDL029W,YDR260C
YDL029W,YDR388W
YDL029W,YDR394W
YDL029W,YDR523C
YDL029W,YFL016C
YDL029W,YFL037W
YDL029W,YGR240C
YDL029W,YGR282C
YDL029W,YHR030C
YDL029W,YIL066C
YDL029W,YJR045C
YDL029W,YJR065C
YDL029W,YJR077C
YDL029W,YJR121W
YDL029W,YKL129C
YDL029W,YML085C
YDL029W,YMR109W
YDL029W,YMR205C
YDL029W,YNL064C
YDL029W,YNR035C
YDL029W,YOR181W
YDL029W,YOR212W
YDL029W,YPL140C
YDL029W,YPR178W
YDL030W,YDL043C
YDL030W,YFL017W-A
YDL030W,YGR074W
YDL030W,YJL203W
YDL030W,YML049C
YDL030W,YMR240C
YDL030W,YNR053C
YDL030W,YOR159C
YDL030W,YPR182W
YDL031W,YGR103W
YDL031W,YHR066W
YDL031W,YIL035C
YDL031W,YKR081C
YDL031W,YNL061W
YDL031W,YNL110C
YDL031W,YPR016C
YDL042C,YDR247W
YDL042C,YER129W
YDL042C,YFR028C
YDL042C,YGR052W
YDL042C,YIL035C
YDL042C,YJL076W
YDL042C,YKR010C
YDL042C,YOR061W
YDL043C,YDR131C
YDL043C,YER112W
YDL043C,YGL137W
YDL043C,YJL203W
YDL043C,YLR222C
YDL043C,YMR117C
YDL043C,YMR240C
YDL043C,YNR031C
YDL047W,YDR394W
YDL047W,YFR040W
YDL047W,YIL061C
YDL047W,YIL142W
YDL047W,YJL098W
YDL047W,YMR205C
YDL047W,YPL204W
YDL054C,YDR307W
YDL054C,YEL027W
YDL054C,YHR026W
YDL054C,YOR016C
YDL055C,YDR394W
YDL059C,YDR394W
YDL059C,YGL137W
YDL059C,YMR205C
YDL060W,YDL213C
YDL060W,YER006W
YDL060W,YKL143W
YDL060W,YNL207W
YDL060W,YPL012W
YDL060W,YPL204W
YDL065C,YGR218W
YDL087C,YDR240C
YDL087C,YER029C
YDL087C,YFL017W-A
YDL087C,YGR013W
YDL087C,YGR162W
YDL087C,YHR086W
YDL087C,YIL061C
YDL087C,YKL012W
YDL087C,YKL173W
YDL087C,YLR147C
YDL087C,YLR275W
YDL087C,YML049C
YDL087C,YMR125W
YDL087C,YPL178W
YDL087C,YPR182W
YDL097C,YDL147W
YDL097C,YDR394W
YDL097C,YDR427W
YDL097C,YEL037C
YDL097C,YER012W
YDL097C,YER021W
YDL097C,YFR004W
YDL097C,YFR010W
YDL097C,YFR052W
YDL097C,YGL004C
YDL097C,YGL048C
YDL097C,YGR232W
YDL097C,YGR262C
YDL097C,YHL030W
YDL097C,YHR027C
YDL097C,YHR200W
YDL097C,YKL145W
YDL097C,YLR421C
YDL097C,YOR117W
YDL097C,YOR259C
YDL097C,YOR261C
YDL097C,YPR108W
YDL101C,YDL200C
YDL101C,YDR214W
YDL101C,YER173W
YDL101C,YFL039C
YDL101C,YHR135C
YDL101C,YOL139C
YDL101C,YPL022W
YDL116W,YDR192C
YDL116W,YDR335W
YDL116W,YGL092W
YDL116W,YGL100W
YDL116W,YGL172W
YDL116W,YGR119C
YDL116W,YJR042W
YDL116W,YKL068W
YDL116W,YKR082W
YDL116W,YLR208W
YDL117W,YER118C
YDL117W,YIL156W
YDL117W,YMR032W
YDL117W,YNL078W
YDL117W,YNL152W
YDL117W,YOL070C
YDL126C,YDR477W
YDL126C,YFR053C
YDL126C,YGL137W
YDL126C,YIL148W
YDL126C,YJR045C
YDL132W,YDR306C
YDL132W,YDR328C
YDL132W,YEL030W
YDL132W,YIL046W
YDL132W,YJL138C
YDL132W,YJR090C
YDL132W,YLR097C
YDL132W,YLR352W
YDL132W,YOL133W
YDL132W,YOR080W
YDL132W,YPL240C
YDL134C,YDL188C
YDL134C,YDR523C
YDL134C,YGL190C
YDL134C,YHR135C
YDL134C,YMR205C
YDL134C,YMR214W
YDL134C,YPL152W
YDL140C,YDR228C
YDL140C,YDR404C
YDL140C,YER125W
YDL140C,YGL070C
YDL140C,YJL140W
YDL140C,YJL164C
YDL140C,YOR151C
YDL140C,YOR210W
YDL140C,YOR224C
YDL140C,YPL129W
YDL140C,YPL203W
YDL140C,YPR187W
YDL145C,YDR238C
YDL145C,YFR051C
YDL145C,YGL137W
YDL145C,YIL004C
YDL145C,YIL076W
YDL145C,YIL147C
YDL145C,YJL157C
YDL145C,YLR078C
YDL145C,YLR268W
YDL145C,YMR106C
YDL145C,YNL284C
YDL145C,YNL287W
YDL146W,YKL129C
YDL146W,YMR109W
YDL147W,YDR394W
YDL147W,YDR427W
YDL147W,YER012W
YDL147W,YER021W
YDL147W,YFR004W
YDL147W,YFR010W
YDL147W,YFR052W
YDL147W,YGL004C
YDL147W,YGL011C
YDL147W,YGL048C
YDL147W,YGR092W
YDL147W,YGR232W
YDL147W,YGR262C
YDL147W,YHL030W
YDL147W,YHR027C
YDL147W,YHR200W
YDL147W,YIL075C
YDL147W,YKL145W
YDL147W,YLR421C
YDL147W,YMR314W
YDL147W,YOR117W
YDL147W,YOR259C
YDL147W,YOR261C
YDL147W,YPR103W
YDL147W,YPR108W
YDL155W,YDR216W
YDL155W,YFR028C
YDL155W,YJL076W
YDL155W,YKR010C
YDL155W,YLR079W
YDL155W,YLR131C
YDL155W,YOR341W
YDL160C,YEL015W
YDL160C,YGL178W
YDL160C,YJL124C
YDL160C,YNL147W
YDL160C,YOL149W
YDL165W,YER148W
YDL165W,YNL025C
YDL165W,YNL288W
YDL165W,YPL042C
YDL165W,YPR072W
YDL185W,YDR328C
YDL185W,YEL051W
YDL185W,YGR020C
YDL185W,YJR033C
YDL185W,YLR222C
YDL185W,YMR054W
YDL188C,YDR523C
YDL188C,YER012W
YDL188C,YGL011C
YDL188C,YGL190C
YDL188C,YML092C
YDL188C,YML109W
YDL188C,YMR205C
YDL188C,YMR273C
YDL188C,YMR314W
YDL188C,YOL038W
YDL188C,YOR362C
YDL188C,YPR103W
YDL192W,YIL004C
YDL192W,YLR078C
YDL192W,YLR268W
YDL192W,YNL287W
YDL200C,YGL137W
YDL200C,YLL011W
YDL200C,YMR205C
YDL208W,YDR496C
YDL208W,YHR089C
YDL208W,YLR175W
YDL208W,YPR178W
YDL210W,YGL200C
YDL210W,YLR292C
YDL212W,YDR276C
YDL212W,YDR307W
YDL212W,YEL002C
YDL212W,YEL017C-A
YDL212W,YEL063C
YDL212W,YGL200C
YDL212W,YGR060W
YDL212W,YGR260W
YDL212W,YHL042W
YDL212W,YHL048W
YDL212W,YHR026W
YDL212W,YHR140W
YDL212W,YHR142W
YDL212W,YJL117W
YDL212W,YJR010C-A
YDL212W,YLL028W
YDL212W,YLR018C
YDL212W,YMR149W
YDL212W,YMR215W
YDL212W,YNL101W
YDL212W,YPL076W
YDL212W,YPR156C
YDL213C,YDR496C
YDL213C,YER006W
YDL213C,YGR103W
YDL213C,YGR145W
YDL213C,YGR162W
YDL213C,YHR052W
YDL213C,YHR089C
YDL213C,YKR081C
YDL213C,YLR175W
YDL213C,YMR049C
YDL213C,YMR290C
YDL213C,YNL061W
YDL213C,YNL132W
YDL213C,YOR206W
YDL213C,YOR272W
YDL213C,YPR016C
YDL225W,YDR388W
YDL225W,YDR394W
YDL225W,YDR507C
YDL225W,YER066C-A
YDL225W,YGL158W
YDL225W,YHR107C
YDL225W,YJR076C
YDL225W,YLR044C
YDL225W,YLR314C
YDL225W,YOR136W
YDL225W,YPL235W
YDL229W,YER025W
YDL229W,YIL142W
YDL229W,YJR007W
YDL229W,YNL064C
YDL232W,YEL002C
YDL232W,YHR026W
YDL232W,YJL002C
YDL232W,YJR015W
YDL232W,YLL028W
YDL232W,YLR372W
YDL232W,YMR149W
YDL239C,YLR423C
YDL239C,YPL070W
YDL239C,YPL124W
YDL239C,YPL255W
YDL246C,YJR159W
YDR004W,YER173W
YDR028C,YDR477W
YDR028C,YGL115W
YDR028C,YKL193C
YDR028C,YOR267C
YDR046C,YGR060W
YDR046C,YJR010C-A
YDR052C,YMR001C
YDR052C,YOR178C
YDR054C,YJL047C
YDR060W,YGR103W
YDR060W,YHR052W
YDR060W,YHR066W
YDR060W,YKR081C
YDR060W,YMR049C
YDR060W,YMR290C
YDR060W,YNL002C
YDR060W,YNL061W
YDR060W,YNL110C
YDR060W,YOL041C
YDR060W,YOL077C
YDR060W,YOR206W
YDR060W,YOR272W
YDR060W,YPL012W
YDR060W,YPL043W
YDR060W,YPL141C
YDR060W,YPL211W
YDR087C,YGR103W
YDR087C,YJL095W
YDR087C,YKR081C
YDR087C,YNL061W
YDR087C,YOR061W
YDR087C,YOR267C
YDR087C,YPL141C
YDR097C,YJL173C
YDR097C,YML032C
YDR097C,YNL312W
YDR097C,YOL090W
YDR099W,YER177W
YDR099W,YFR028C
YDR101C,YER126C
YDR101C,YGL099W
YDR101C,YGR245C
YDR101C,YHR170W
YDR101C,YHR197W
YDR101C,YKR081C
YDR101C,YLR074C
YDR101C,YNL110C
YDR101C,YPR016C
YDR122W,YER167W
YDR122W,YGR097W
YDR122W,YGR238C
YDR122W,YHR158C
YDR122W,YJL187C
YDR127W,YER095W
YDR127W,YGR240C
YDR127W,YKL104C
YDR128W,YDR394W
YDR128W,YGL100W
YDR128W,YJL173C
YDR128W,YLR208W
YDR128W,YMR106C
YDR128W,YOL139C
YDR128W,YPL240C
YDR129C,YNL135C
YDR130C,YER032W
YDR130C,YPR120C
YDR138W,YNL139C
YDR142C,YER081W
YDR142C,YIL142W
YDR142C,YKL103C
YDR143C,YLR229C
YDR143C,YOL094C
YDR146C,YGR002C
YDR146C,YHR099W
YDR146C,YJL081C
YDR148C,YDR510W
YDR148C,YER110C
YDR148C,YFL018C
YDR148C,YIL125W
YDR148C,YLR180W
YDR167W,YDR216W
YDR167W,YDR448W
YDR167W,YGL112C
YDR167W,YGR252W
YDR167W,YGR274C
YDR167W,YHR099W
YDR167W,YML015C
YDR167W,YMR236W
YDR167W,YOL148C
YDR167W,YOR119C
YDR176W,YDR308C
YDR176W,YDR448W
YDR176W,YEL009C
YDR176W,YER022W
YDR176W,YER148W
YDR176W,YGL112C
YDR176W,YGR274C
YDR176W,YHR041C
YDR176W,YHR099W
YDR176W,YMR236W
YDR176W,YOL148C
YDR176W,YOR119C
YDR190C,YDR334W
YDR190C,YGR002C
YDR190C,YNL107W
YDR190C,YOL012C
YDR190C,YPL235W
YDR192C,YDR335W
YDR192C,YGL092W
YDR192C,YJR042W
YDR192C,YKR082W
YDR192C,YLR335W
YDR192C,YLR347C
YDR195W,YDR301W
YDR195W,YER133W
YDR195W,YJL033W
YDR195W,YKL018W
YDR195W,YKL059C
YDR195W,YKR002W
YDR195W,YLR115W
YDR195W,YMR061W
YDR195W,YNL317W
YDR200C,YLR238W
YDR200C,YNL127W
YDR201W,YFL008W
YDR201W,YIL144W
YDR201W,YOL069W
YDR211W,YER025W
YDR211W,YGR083C
YDR211W,YJR007W
YDR211W,YKR026C
YDR211W,YLR291C
YDR211W,YOR260W
YDR211W,YPL237W
YDR212W,YIL142W
YDR216W,YDR448W
YDR216W,YER148W
YDR216W,YGL112C
YDR216W,YGR252W
YDR216W,YGR274C
YDR216W,YHR099W
YDR216W,YJL076W
YDR216W,YOL148C
YDR217C,YPL153C
YDR224C,YDR225W
YDR224C,YJL081C
YDR224C,YLR442C
YDR224C,YNL030W
YDR225W,YGR103W
YDR225W,YHL034C
YDR225W,YIL035C
YDR225W,YJL081C
YDR225W,YLR074C
YDR225W,YLR247C
YDR225W,YLR442C
YDR225W,YNL030W
YDR225W,YOL054W
YDR227W,YLR442C
YDR227W,YML109W
YDR227W,YMR284W
YDR228C,YDR301W
YDR228C,YKL059C
YDR228C,YKR002W
YDR228C,YLR115W
YDR228C,YMR061W
YDR238C,YFR051C
YDR238C,YGL137W
YDR238C,YIL004C
YDR238C,YLR078C
YDR238C,YLR268W
YDR238C,YNL284C
YDR240C,YFL017W-A
YDR240C,YGR013W
YDR240C,YGR074W
YDR240C,YHR086W
YDR240C,YIL061C
YDR240C,YPL178W
YDR247W,YDR439W
YDR247W,YFR028C
YDR247W,YGR097W
YDR247W,YJL076W
YDR247W,YKR010C
YDR259C,YNR052C
YDR260C,YMR205C
YDR267C,YIL128W
YDR276C,YDR307W
YDR276C,YDR331W
YDR276C,YEL002C
YDR276C,YJL117W
YDR276C,YJR010C-A
YDR276C,YKL212W
YDR276C,YLL061W
YDR276C,YMR149W
YDR277C,YJL020C
YDR277C,YKL129C
YDR277C,YMR109W
YDR280W,YGR090W
YDR280W,YGR095C
YDR280W,YGR158C
YDR280W,YGR195W
YDR280W,YJL109C
YDR280W,YOL021C
YDR280W,YOR001W
YDR283C,YGR091W
YDR283C,YNL183C
YDR283C,YOR308C
YDR283C,YPR178W
YDR297W,YDR331W
YDR297W,YEL002C
YDR297W,YER026C
YDR297W,YGL200C
YDR297W,YGR260W
YDR297W,YHR140W
YDR297W,YHR142W
YDR297W,YIL016W
YDR297W,YJL117W
YDR297W,YJL196C
YDR297W,YJR010C-A
YDR297W,YKL065C
YDR297W,YKL154W
YDR297W,YLL028W
YDR297W,YLR372W
YDR297W,YML048W
YDR297W,YMR149W
YDR297W,YOL003C
YDR297W,YOR016C
YDR297W,YPL076W
YDR297W,YPL264C
YDR297W,YPL274W
YDR301W,YER133W
YDR301W,YJR093C
YDR301W,YKL018W
YDR301W,YKL059C
YDR301W,YKR002W
YDR301W,YLR115W
YDR301W,YMR061W
YDR301W,YNL317W
YDR306C,YDR328C
YDR306C,YPL240C
YDR307W,YER026C
YDR307W,YFL062W
YDR307W,YHR140W
YDR307W,YJL196C
YDR307W,YJR117W
YDR307W,YKL065C
YDR307W,YKL154W
YDR307W,YLR372W
YDR307W,YML048W
YDR307W,YOR016C
YDR308C,YDR448W
YDR308C,YEL009C
YDR308C,YGL127C
YDR308C,YGR104C
YDR308C,YOL051W
YDR308C,YOL135C
YDR308C,YOR119C
YDR308C,YOR174W
YDR324C,YER082C
YDR324C,YGR090W
YDR324C,YJL069C
YDR328C,YEL051W
YDR328C,YGR020C
YDR328C,YIL046W
YDR328C,YJR033C
YDR328C,YJR090C
YDR328C,YLR097C
YDR328C,YOL133W
YDR328C,YOR332W
YDR328C,YPL240C
YDR328C,YPL256C
YDR331W,YDR456W
YDR331W,YEL027W
YDR331W,YER026C
YDR331W,YGL051W
YDR331W,YGL104C
YDR331W,YGR284C
YDR331W,YGR289C
YDR331W,YHR026W
YDR331W,YHR133C
YDR331W,YHR140W
YDR331W,YIL016W
YDR331W,YJL117W
YDR331W,YJL196C
YDR331W,YJR117W
YDR331W,YKL008C
YDR331W,YKL065C
YDR331W,YKL154W
YDR331W,YKL212W
YDR331W,YLR018C
YDR331W,YLR372W
YDR331W,YML048W
YDR331W,YMR058W
YDR331W,YMR215W
YDR331W,YOL003C
YDR331W,YOL156W
YDR331W,YPL076W
YDR331W,YPL227C
YDR331W,YPL274W
YDR331W,YPR028W
YDR334W,YGR002C
YDR334W,YJL081C
YDR334W,YML041C
YDR334W,YNL107W
YDR334W,YOL012C
YDR334W,YPL235W
YDR335W,YGL092W
YDR335W,YGL172W
YDR335W,YGR119C
YDR335W,YJL061W
YDR335W,YKL068W
YDR335W,YKR082W
YDR335W,YLR335W
YDR335W,YMR047C
YDR356W,YJL187C
YDR356W,YLR006C
YDR356W,YPL124W
YDR365C,YIL035C
YDR369C,YNL250W
YDR378C,YER112W
YDR378C,YER146W
YDR378C,YGR091W
YDR378C,YHR165C
YDR378C,YJL124C
YDR378C,YJR022W
YDR378C,YLR147C
YDR378C,YLR275W
YDR378C,YLR438C-A
YDR378C,YNL147W
YDR378C,YOL149W
YDR381W,YKL214C
YDR381W,YPL169C
YDR386W,YDR388W
YDR386W,YMR049C
YDR386W,YNL061W
YDR388W,YFL039C
YDR388W,YGL190C
YDR388W,YGR240C
YDR388W,YHR016C
YDR388W,YJR035W
YDR388W,YKL129C
YDR388W,YMR109W
YDR388W,YNL094W
YDR388W,YOR181W
YDR388W,YPL140C
YDR388W,YPR110C
YDR394W,YDR427W
YDR394W,YEL037C
YDR394W,YER012W
YDR394W,YER021W
YDR394W,YER171W
YDR394W,YER173W
YDR394W,YER179W
YDR394W,YFL016C
YDR394W,YFR004W
YDR394W,YFR010W
YDR394W,YFR052W
YDR394W,YGL004C
YDR394W,YGL048C
YDR394W,YGL137W
YDR394W,YGR092W
YDR394W,YGR232W
YDR394W,YGR262C
YDR394W,YHR027C
YDR394W,YHR030C
YDR394W,YHR200W
YDR394W,YIL075C
YDR394W,YJL008C
YDR394W,YJL130C
YDR394W,YJL157C
YDR394W,YJR045C
YDR394W,YKL145W
YDR394W,YLR180W
YDR394W,YLR216C
YDR394W,YLR259C
YDR394W,YMR001C
YDR394W,YMR205C
YDR394W,YMR284W
YDR394W,YNL064C
YDR394W,YNL250W
YDR394W,YNL290W
YDR394W,YOL094C
YDR394W,YOR117W
YDR394W,YOR136W
YDR394W,YOR151C
YDR394W,YOR259C
YDR394W,YOR261C
YDR394W,YPL235W
YDR394W,YPL240C
YDR394W,YPR108W
YDR395W,YIL115C
YDR395W,YJL041W
YDR404C,YER125W
YDR404C,YGL070C
YDR404C,YGR005C
YDR404C,YGR186W
YDR404C,YIL021W
YDR404C,YJL140W
YDR404C,YJL164C
YDR404C,YOR151C
YDR404C,YOR224C
YDR404C,YPL203W
YDR414C,YEL017C-A
YDR414C,YFL041W
YDR414C,YGL104C
YDR414C,YGR284C
YDR414C,YHL042W
YDR414C,YJL004C
YDR414C,YLL023C
YDR414C,YLR372W
YDR414C,YNL044W
YDR414C,YOR254C
YDR414C,YPL264C
YDR416W,YHR165C
YDR416W,YLR117C
YDR427W,YEL037C
YDR427W,YER012W
YDR427W,YFR004W
YDR427W,YFR010W
YDR427W,YFR052W
YDR427W,YGL004C
YDR427W,YGR232W
YDR427W,YHR027C
YDR427W,YHR200W
YDR427W,YKL145W
YDR427W,YMR276W
YDR427W,YOR261C
YDR427W,YPR108W
YDR429C,YMR146C
YDR429C,YMR309C
YDR429C,YNL244C
YDR429C,YOL087C
YDR429C,YOR039W
YDR429C,YOR361C
YDR429C,YPR041W
YDR429C,YPR086W
YDR448W,YEL009C
YDR448W,YER022W
YDR448W,YER148W
YDR448W,YGL112C
YDR448W,YGR252W
YDR448W,YGR274C
YDR448W,YHR041C
YDR448W,YHR099W
YDR448W,YMR236W
YDR448W,YOL135C
YDR448W,YOL148C
YDR448W,YOR119C
YDR448W,YPL248C
YDR456W,YHL042W
YDR466W,YHR052W
YDR466W,YJL095W
YDR466W,YOL041C
YDR466W,YPL093W
YDR473C,YER172C
YDR473C,YFL017W-A
YDR473C,YGR091W
YDR473C,YHR165C
YDR473C,YJR022W
YDR473C,YLR147C
YDR473C,YLR438C-A
YDR473C,YPR178W
YDR477W,YGL115W
YDR477W,YMR104C
YDR477W,YOR351C
YDR480W,YER114C
YDR480W,YGR040W
YDR480W,YHR084W
YDR480W,YKL161C
YDR480W,YMR199W
YDR480W,YPL049C
YDR496C,YER161C
YDR496C,YHR066W
YDR496C,YHR089C
YDR496C,YIL035C
YDR496C,YKR081C
YDR496C,YLR074C
YDR496C,YLR175W
YDR496C,YNL061W
YDR496C,YPL043W
YDR496C,YPR016C
YDR507C,YGL158W
YDR507C,YHR107C
YDR507C,YJR076C
YDR507C,YLR314C
YEL002C,YIL016W
YEL002C,YJL002C
YEL002C,YJL117W
YEL002C,YKL008C
YEL002C,YKL065C
YEL002C,YLL028W
YEL002C,YLR372W
YEL002C,YML048W
YEL002C,YML075C
YEL002C,YMR149W
YEL002C,YOR016C
YEL002C,YPL076W
YEL009C,YER022W
YEL009C,YER148W
YEL009C,YGL112C
YEL009C,YGR274C
YEL009C,YHR041C
YEL009C,YMR236W
YEL015W,YGL173C
YEL015W,YJR022W
YEL015W,YLR082C
YEL015W,YNL118C
YEL015W,YOL149W
YEL017C-A,YGL200C
YEL017C-A,YGR060W
YEL017C-A,YGR284C
YEL017C-A,YHL042W
YEL017C-A,YJL117W
YEL017C-A,YJR117W
YEL017C-A,YKL154W
YEL017C-A,YLL023C
YEL017C-A,YLR083C
YEL017C-A,YLR372W
YEL017C-A,YML048W
YEL027W,YHR026W
YEL027W,YKL065C
YEL027W,YLL028W
YEL027W,YOR016C
YEL030W,YPL256C
YEL037C,YER012W
YEL037C,YER021W
YEL037C,YER148W
YEL037C,YFR004W
YEL037C,YFR052W
YEL037C,YGL048C
YEL037C,YHL030W
YEL037C,YHR027C
YEL037C,YHR200W
YEL037C,YIL075C
YEL037C,YKL145W
YEL037C,YMR276W
YEL037C,YOR117W
YEL037C,YOR261C
YEL051W,YGR020C
YEL051W,YJR033C
YEL051W,YMR054W
YEL051W,YOR332W
YEL063C,YFL041W
YEL063C,YGL051W
YEL063C,YGR284C
YEL063C,YHL042W
YEL063C,YHR133C
YEL063C,YHR140W
YEL063C,YHR142W
YEL063C,YIL016W
YEL063C,YJL117W
YEL063C,YJL196C
YEL063C,YJR010C-A
YEL063C,YJR117W
YEL063C,YKL065C
YEL063C,YKL154W
YEL063C,YLR343W
YEL063C,YLR372W
YEL063C,YML048W
YEL063C,YMR264W
YEL063C,YOL132W
YEL063C,YOR016C
YEL063C,YOR254C
YEL063C,YPL076W
YEL063C,YPL227C
YEL068C,YKL002W
YER006W,YER126C
YER006W,YGR103W
YER006W,YGR245C
YER006W,YHR197W
YER006W,YKR081C
YER006W,YLR074C
YER006W,YMR049C
YER006W,YNL061W
YER006W,YNL110C
YER006W,YOR267C
YER006W,YPL043W
YER008C,YLR229C
YER009W,YIL063C
YER009W,YLR293C
YER009W,YLR335W
YER009W,YLR347C
YER009W,YOR098C
YER012W,YER021W
YER012W,YFR004W
YER012W,YFR052W
YER012W,YGL011C
YER012W,YGL048C
YER012W,YHR027C
YER012W,YHR200W
YER012W,YIL075C
YER012W,YKL145W
YER012W,YLR421C
YER012W,YML092C
YER012W,YMR106C
YER012W,YMR314W
YER012W,YOL038W
YER012W,YOR117W
YER012W,YOR261C
YER012W,YOR362C
YER012W,YPR103W
YER012W,YPR108W
YER021W,YFR004W
YER021W,YFR010W
YER021W,YFR052W
YER021W,YGL004C
YER021W,YGR232W
YER021W,YHR027C
YER021W,YHR200W
YER021W,YKL145W
YER021W,YPR108W
YER022W,YGL127C
YER022W,YGR104C
YER022W,YHR041C
YER022W,YHR058C
YER022W,YML007W
YER022W,YOL051W
YER022W,YOL135C
YER022W,YOR119C
YER022W,YPL042C
YER022W,YPL248C
YER023W,YPL070W
YER025W,YER091C
YER025W,YER133W
YER025W,YJR007W
YER025W,YKR026C
YER025W,YLR044C
YER025W,YLR291C
YER025W,YMR117C
YER025W,YOR212W
YER025W,YOR260W
YER026C,YGR060W
YER026C,YHR140W
YER026C,YJR010C-A
YER026C,YMR058W
YER026C,YMR215W
YER026C,YNL101W
YER026C,YPL076W
YER026C,YPL274W
YER029C,YER112W
YER029C,YER172C
YER029C,YFL017W-A
YER029C,YGR074W
YER029C,YGR091W
YER029C,YHR086W
YER029C,YHR165C
YER029C,YJR022W
YER029C,YLR147C
YER029C,YLR438C-A
YER029C,YMR240C
YER029C,YNR053C
YER029C,YPR182W
YER032W,YER118C
YER032W,YMR032W
YER032W,YPR120C
YER040W,YNL229C
YER041W,YLR449W
YER047C,YGL181W
YER054C,YER133W
YER054C,YJL164C
YER054C,YKL166C
YER054C,YLR258W
YER054C,YPR160W
YER059W,YJL084C
YER082C,YER161C
YER082C,YGR090W
YER082C,YGR162W
YER082C,YJL109C
YER082C,YLR197W
YER082C,YMR093W
YER082C,YNL132W
YER082C,YPL126W
YER103W,YFR021W
YER110C,YLR293C
YER110C,YMR047C
YER112W,YER146W
YER112W,YER172C
YER112W,YFL017W-A
YER112W,YGL173C
YER112W,YJL124C
YER112W,YJR022W
YER112W,YJR138W
YER112W,YLR147C
YER112W,YLR275W
YER112W,YLR438C-A
YER112W,YNL118C
YER112W,YNL147W
YER112W,YOL149W
YER114C,YHL007C
YER114C,YLR229C
YER114C,YNL298W
YER118C,YHL002W
YER118C,YIL156W
YER118C,YMR032W
YER118C,YMR109W
YER118C,YNL152W
YER118C,YOR254C
YER125W,YFR028C
YER125W,YIL021W
YER125W,YJL140W
YER125W,YNL243W
YER125W,YOR151C
YER125W,YOR181W
YER125W,YOR224C
YER126C,YGL111W
YER126C,YGR245C
YER126C,YHR066W
YER126C,YHR197W
YER126C,YKL009W
YER126C,YKR081C
YER126C,YLR074C
YER126C,YMR049C
YER126C,YMR290C
YER126C,YNL002C
YER126C,YNL061W
YER126C,YNL110C
YER126C,YNR053C
YER126C,YOR206W
YER126C,YPL093W
YER126C,YPR016C
YER129W,YER155C
YER129W,YFR028C
YER129W,YGL019W
YER129W,YGL115W
YER129W,YIL035C
YER129W,YOR061W
YER132C,YLR310C
YER132C,YNL307C
YER133W,YER167W
YER133W,YER177W
YER133W,YFR028C
YER133W,YGL111W
YER133W,YGR052W
YER133W,YGR097W
YER133W,YGR103W
YER133W,YIL045W
YER133W,YJL033W
YER133W,YJL187C
YER133W,YJR007W
YER133W,YJR093C
YER133W,YKL018W
YER133W,YKL059C
YER133W,YKR002W
YER133W,YKR081C
YER133W,YLR115W
YER133W,YLR258W
YER133W,YMR049C
YER133W,YNL061W
YER133W,YOR272W
YER133W,YOR351C
YER133W,YPL204W
YER133W,YPR016C
YER146W,YJL124C
YER146W,YJR022W
YER146W,YJR138W
YER146W,YKL173W
YER146W,YLR147C
YER146W,YLR275W
YER146W,YLR438C-A
YER146W,YNL147W
YER146W,YOL149W
YER146W,YPR178W
YER148W,YFR034C
YER148W,YGL048C
YER148W,YGL112C
YER148W,YGR104C
YER148W,YGR274C
YER148W,YHR041C
YER148W,YOL148C
YER148W,YPL248C
YER148W,YPR072W
YER148W,YPR086W
YER155C,YGL019W
YER155C,YNL207W
YER155C,YOR061W
YER161C,YGR090W
YER161C,YGR162W
YER161C,YHL034C
YER161C,YHR166C
YER161C,YIL035C
YER164W,YGL019W
YER164W,YOR039W
YER165W,YGL049C
YER165W,YGR103W
YER165W,YGR162W
YER165W,YHR052W
YER165W,YLR335W
YER165W,YOL139C
YER167W,YGR238C
YER167W,YHR158C
YER167W,YLR096W
YER171W,YJR035W
YER172C,YGR074W
YER172C,YGR091W
YER172C,YHR165C
YER172C,YJR022W
YER172C,YKL173W
YER172C,YLR147C
YER172C,YLR438C-A
YER172C,YMR240C
YER172C,YNR053C
YER172C,YOR308C
YER172C,YPR178W
YER173W,YJR068W
YER173W,YNL290W
YER173W,YPL194W
YER177W,YFR028C
YER177W,YGL115W
YER177W,YJL138C
YER177W,YLR310C
YER177W,YNL307C
YER177W,YPL204W
YER179W,YML064C
YFL008W,YFR031C
YFL008W,YIL144W
YFL008W,YJL074C
YFL008W,YNL084C
YFL008W,YNL250W
YFL008W,YOL069W
YFL016C,YJR045C
YFL016C,YMR205C
YFL017W-A,YGR013W
YFL017W-A,YGR074W
YFL017W-A,YGR091W
YFL017W-A,YIL061C
YFL017W-A,YJL203W
YFL017W-A,YKL012W
YFL017W-A,YKL173W
YFL017W-A,YLR117C
YFL017W-A,YLR147C
YFL017W-A,YLR275W
YFL017W-A,YML049C
YFL017W-A,YMR125W
YFL017W-A,YMR240C
YFL017W-A,YOR308C
YFL017W-A,YPR178W
YFL018C,YIL125W
YFL024C,YGR002C
YFL024C,YHR099W
YFL024C,YJL081C
YFL024C,YJL098W
YFL024C,YNL107W
YFL024C,YOL012C
YFL024C,YOR119C
YFL024C,YPR023C
YFL033C,YJL164C
YFL033C,YPL031C
YFL034C-B,YNL161W
YFL037W,YML085C
YFL038C,YGL198W
YFL038C,YGR172C
YFL038C,YNL263C
YFL038C,YPR017C
YFL039C,YFR028C
YFL039C,YHR179W
YFL039C,YJL081C
YFL039C,YLL050C
YFL039C,YNL094W
YFL039C,YNL107W
YFL039C,YPL235W
YFL041W,YHL042W
YFL041W,YHR133C
YFL041W,YJL117W
YFL041W,YML123C
YFL041W,YPL076W
YFL041W,YPL264C
YFL048C,YPR003C
YFL059W,YNL333W
YFL062W,YGR191W
YFL062W,YLR372W
YFR001W,YPR016C
YFR004W,YFR010W
YFR004W,YFR052W
YFR004W,YGL004C
YFR004W,YGL048C
YFR004W,YGR232W
YFR004W,YHL030W
YFR004W,YHR027C
YFR004W,YHR200W
YFR004W,YIL075C
YFR004W,YKL145W
YFR004W,YOR261C
YFR004W,YPR108W
YFR010W,YGL004C
YFR010W,YGL048C
YFR010W,YGR232W
YFR010W,YHL030W
YFR010W,YHR200W
YFR010W,YKL145W
YFR010W,YMR314W
YFR010W,YOR259C
YFR010W,YOR261C
YFR015C,YGR052W
YFR015C,YIL045W
YFR015C,YLR258W
YFR016C,YIL125W
YFR021W,YFR040W
YFR021W,YGL190C
YFR024C-A,YMR109W
YFR028C,YGL003C
YFR028C,YGR040W
YFR028C,YGR052W
YFR028C,YGR092W
YFR028C,YGR097W
YFR028C,YHR030C
YFR028C,YIL035C
YFR028C,YIL095W
YFR028C,YJL076W
YFR028C,YJR053W
YFR028C,YKR010C
YFR028C,YLR096W
YFR028C,YML064C
YFR028C,YMR049C
YFR028C,YMR055C
YFR028C,YOR061W
YFR031C,YOL115W
YFR034C,YOR259C
YFR036W,YLR127C
YFR040W,YLR222C
YFR051C,YGL137W
YFR051C,YIL004C
YFR051C,YIL076W
YFR051C,YLR078C
YFR051C,YLR268W
YFR051C,YNL284C
YFR051C,YNL287W
YFR052W,YGL004C
YFR052W,YGL048C
YFR052W,YGR232W
YFR052W,YHL030W
YFR052W,YHR027C
YFR052W,YHR200W
YFR052W,YKL145W
YFR052W,YMR314W
YFR052W,YOR117W
YFR052W,YOR259C
YFR052W,YOR261C
YFR052W,YPR108W
YFR053C,YKL056C
YGL003C,YHR166C
YGL003C,YIL142W
YGL003C,YJL106W
YGL003C,YMR001C
YGL003C,YPR119W
YGL004C,YGL048C
YGL004C,YGR232W
YGL004C,YHR027C
YGL004C,YHR200W
YGL004C,YIL007C
YGL004C,YIL075C
YGL004C,YKL145W
YGL004C,YLR421C
YGL004C,YOR117W
YGL004C,YOR259C
YGL004C,YOR261C
YGL004C,YPR108W
YGL011C,YHR200W
YGL011C,YML092C
YGL011C,YMR308C
YGL011C,YMR314W
YGL011C,YOL038W
YGL011C,YOR362C
YGL011C,YPR103W
YGL019W,YGL115W
YGL019W,YGL207W
YGL019W,YGR090W
YGL019W,YIL035C
YGL019W,YIL131C
YGL019W,YJL069C
YGL019W,YLR019W
YGL019W,YNL207W
YGL019W,YOL004W
YGL019W,YOL145C
YGL019W,YOR014W
YGL019W,YOR039W
YGL019W,YOR061W
YGL019W,YOR119C
YGL019W,YOR267C
YGL037C,YOR098C
YGL048C,YGR232W
YGL048C,YGR262C
YGL048C,YHR027C
YGL048C,YHR200W
YGL048C,YKL145W
YGL048C,YLR421C
YGL048C,YMR001C
YGL048C,YMR205C
YGL048C,YOR259C
YGL048C,YPR108W
YGL049C,YHR086W
YGL049C,YMR125W
YGL049C,YOL139C
YGL049C,YPL178W
YGL051W,YGL200C
YGL051W,YGR060W
YGL051W,YHL048W
YGL051W,YHR140W
YGL051W,YLL028W
YGL051W,YMR058W
YGL051W,YNL101W
YGL051W,YPL076W
YGL051W,YPL264C
YGL051W,YPR156C
YGL051W,YPR198W
YGL070C,YGR005C
YGL070C,YGR186W
YGL070C,YIL021W
YGL070C,YJL140W
YGL070C,YOR116C
YGL070C,YOR151C
YGL070C,YOR224C
YGL070C,YPL129W
YGL070C,YPL203W
YGL070C,YPR093C
YGL070C,YPR187W
YGL081W,YOL094C
YGL092W,YGL100W
YGL092W,YGL172W
YGL092W,YGR119C
YGL092W,YGR218W
YGL092W,YJR042W
YGL092W,YKL068W
YGL092W,YLR208W
YGL092W,YLR347C
YGL092W,YMR308C
YGL097W,YGR218W
YGL097W,YIL063C
YGL097W,YLR293C
YGL097W,YLR335W
YGL097W,YOR098C
YGL099W,YGR245C
YGL099W,YHR170W
YGL100W,YJR042W
YGL100W,YLR208W
YGL100W,YNL307C
YGL104C,YLR372W
YGL104C,YML048W
YGL104C,YML075C
YGL104C,YPL076W
YGL105W,YGL245W
YGL111W,YGR097W
YGL111W,YHR066W
YGL111W,YKR081C
YGL111W,YLR002C
YGL111W,YMR049C
YGL111W,YNL061W
YGL111W,YNL110C
YGL111W,YOR005C
YGL111W,YOR267C
YGL111W,YOR272W
YGL111W,YPL093W
YGL111W,YPR016C
YGL112C,YGR252W
YGL112C,YGR274C
YGL112C,YHR099W
YGL112C,YMR236W
YGL112C,YOR119C
YGL112C,YPL248C
YGL115W,YGL158W
YGL115W,YOR267C
YGL116W,YPR119W
YGL120C,YHR165C
YGL120C,YKL095W
YGL120C,YKL173W
YGL120C,YLR117C
YGL120C,YLR424W
YGL120C,YPL151C
YGL120C,YPR182W
YGL127C,YGR104C
YGL127C,YHR058C
YGL127C,YNR010W
YGL127C,YOL135C
YGL127C,YOR119C
YGL127C,YOR174W
YGL130W,YMR309C
YGL130W,YOL145C
YGL137W,YGR092W
YGL137W,YIL004C
YGL137W,YIL142W
YGL137W,YJL130C
YGL137W,YJR045C
YGL137W,YKL078W
YGL137W,YKL166C
YGL137W,YLR078C
YGL137W,YLR268W
YGL137W,YNL250W
YGL137W,YOL133W
YGL137W,YPL240C
YGL137W,YPR110C
YGL158W,YHR107C
YGL158W,YJR076C
YGL158W,YJR092W
YGL158W,YLR314C
YGL171W,YMR093W
YGL172W,YGR119C
YGL172W,YHR216W
YGL172W,YJL041W
YGL172W,YJR042W
YGL172W,YKR082W
YGL172W,YLR335W
YGL172W,YLR347C
YGL172W,YMR308C
YGL173C,YGR103W
YGL173C,YHR052W
YGL173C,YJR022W
YGL173C,YLR438C-A
YGL173C,YNL118C
YGL178W,YNR052C
YGL181W,YGR241C
YGL181W,YHR016C
YGL181W,YOR284W
YGL181W,YPR171W
YGL190C,YIL142W
YGL190C,YJL020C
YGL190C,YKL129C
YGL190C,YML109W
YGL190C,YMR109W
YGL190C,YMR273C
YGL197W,YLR310C
YGL197W,YMR109W
YGL197W,YNL025C
YGL198W,YGR172C
YGL198W,YNL263C
YGL200C,YGR060W
YGL200C,YGR284C
YGL200C,YHR110W
YGL200C,YHR123W
YGL200C,YHR140W
YGL200C,YIL016W
YGL200C,YJL117W
YGL200C,YJR117W
YGL200C,YKL065C
YGL200C,YKL154W
YGL200C,YLR372W
YGL200C,YLR378C
YGL200C,YML048W
YGL200C,YMR215W
YGL200C,YNL130C
YGL200C,YOR016C
YGL200C,YPL227C
YGL201C,YMR032W
YGL201C,YMR109W
YGL206C,YHR030C
YGL206C,YHR082C
YGL207W,YIL035C
YGL207W,YOL145C
YGL207W,YOR039W
YGL207W,YOR061W
YGL229C,YHR186C
YGL229C,YJR066W
YGL229C,YNL006W
YGL237C,YNR031C
YGL245W,YKL081W
YGR002C,YHR099W
YGR002C,YJL081C
YGR002C,YML041C
YGR002C,YNL107W
YGR002C,YOL012C
YGR002C,YPL235W
YGR002C,YPR023C
YGR005C,YIL021W
YGR005C,YPL129W
YGR005C,YPL203W
YGR013W,YGR074W
YGR013W,YHR086W
YGR013W,YIL061C
YGR013W,YKL012W
YGR013W,YLR147C
YGR013W,YLR275W
YGR013W,YMR125W
YGR013W,YPL178W
YGR013W,YPR182W
YGR020C,YHR060W
YGR020C,YLR447C
YGR020C,YMR054W
YGR020C,YOR332W
YGR035C,YKL002W
YGR040W,YKL161C
YGR040W,YMR205C
YGR052W,YHR186C
YGR052W,YIL045W
YGR052W,YJL076W
YGR052W,YJR066W
YGR052W,YLR258W
YGR052W,YNL006W
YGR052W,YOR341W
YGR058W,YNL047C
YGR060W,YGR284C
YGR060W,YHL003C
YGR060W,YHR123W
YGR060W,YHR140W
YGR060W,YIL016W
YGR060W,YJL117W
YGR060W,YJR010C-A
YGR060W,YJR117W
YGR060W,YKL008C
YGR060W,YKL065C
YGR060W,YKL154W
YGR060W,YLL028W
YGR060W,YLR343W
YGR060W,YLR372W
YGR060W,YML048W
YGR060W,YML075C
YGR060W,YMR215W
YGR060W,YMR264W
YGR060W,YNL101W
YGR060W,YOL003C
YGR060W,YOR016C
YGR060W,YPL076W
YGR060W,YPL227C
YGR060W,YPL264C
YGR060W,YPR028W
YGR074W,YGR091W
YGR074W,YJL203W
YGR074W,YKL173W
YGR074W,YLR147C
YGR074W,YMR125W
YGR083C,YIL131C
YGR083C,YJR007W
YGR083C,YKR026C
YGR083C,YLR291C
YGR083C,YOR260W
YGR090W,YGR145W
YGR090W,YIL035C
YGR090W,YJL069C
YGR090W,YJL109C
YGR090W,YNL061W
YGR090W,YNL132W
YGR090W,YNL207W
YGR090W,YOR014W
YGR090W,YOR039W
YGR090W,YOR061W
YGR090W,YPL126W
YGR091W,YHR165C
YGR091W,YJR022W
YGR091W,YKL173W
YGR091W,YLR147C
YGR091W,YLR275W
YGR091W,YLR438C-A
YGR091W,YOR308C
YGR091W,YPR178W
YGR091W,YPR182W
YGR092W,YHR030C
YGR092W,YJL098W
YGR092W,YKR036C
YGR092W,YLR180W
YGR092W,YMR205C
YGR095C,YGR158C
YGR095C,YGR195W
YGR095C,YOL021C
YGR095C,YOR001W
YGR095C,YOR326W
YGR097W,YLR096W
YGR097W,YLR113W
YGR097W,YMR049C
YGR097W,YNL307C
YGR097W,YOR014W
YGR097W,YOR061W
YGR097W,YPL093W
YGR097W,YPR115W
YGR103W,YGR245C
YGR103W,YHL034C
YGR103W,YHR066W
YGR103W,YHR197W
YGR103W,YIL035C
YGR103W,YIR026C
YGR103W,YJL095W
YGR103W,YKL021C
YGR103W,YKR081C
YGR103W,YLR074C
YGR103W,YMR049C
YGR103W,YMR229C
YGR103W,YMR290C
YGR103W,YNL061W
YGR103W,YNL110C
YGR103W,YNL175C
YGR103W,YNL230C
YGR103W,YOR005C
YGR103W,YOR061W
YGR103W,YOR272W
YGR103W,YPL043W
YGR103W,YPL141C
YGR103W,YPR016C
YGR104C,YHR041C
YGR104C,YHR058C
YGR104C,YNL025C
YGR104C,YNL236W
YGR104C,YNR010W
YGR104C,YOL051W
YGR104C,YOL135C
YGR104C,YOR174W
YGR104C,YPL042C
YGR104C,YPL248C
YGR119C,YJL041W
YGR119C,YJR042W
YGR119C,YKR082W
YGR119C,YLR335W
YGR119C,YLR347C
YGR119C,YMR308C
YGR136W,YLR191W
YGR145W,YMR116C
YGR145W,YNL132W
YGR155W,YJR045C
YGR158C,YGR195W
YGR158C,YJL124C
YGR158C,YOL021C
YGR162W,YHL034C
YGR162W,YJL138C
YGR162W,YLR427W
YGR162W,YMR125W
YGR162W,YOL139C
YGR162W,YPL178W
YGR166W,YOR197W
YGR172C,YLR324W
YGR172C,YNL263C
YGR186W,YIL021W
YGR186W,YJL164C
YGR186W,YPL129W
YGR186W,YPL203W
YGR191W,YHL042W
YGR195W,YOL021C
YGR195W,YOR001W
YGR195W,YOR326W
YGR218W,YMR047C
YGR218W,YNL118C
YGR218W,YOL149W
YGR232W,YHR027C
YGR232W,YHR200W
YGR232W,YIL007C
YGR232W,YIL075C
YGR232W,YKL145W
YGR232W,YLR421C
YGR232W,YOR117W
YGR232W,YOR259C
YGR232W,YOR261C
YGR232W,YPR108W
YGR238C,YHR158C
YGR238C,YJL187C
YGR238C,YLR096W
YGR240C,YJR045C
YGR240C,YJR090C
YGR240C,YML085C
YGR240C,YMR205C
YGR240C,YOL133W
YGR240C,YPL140C
YGR240C,YPR110C
YGR245C,YHR197W
YGR245C,YKR081C
YGR245C,YLR074C
YGR245C,YLR106C
YGR245C,YNL002C
YGR245C,YNL110C
YGR245C,YNL182C
YGR245C,YNR053C
YGR245C,YPL093W
YGR245C,YPR016C
YGR252W,YHR099W
YGR252W,YOR119C
YGR254W,YJR045C
YGR258C,YIL143C
YGR260W,YGR284C
YGR260W,YHR026W
YGR260W,YHR110W
YGR260W,YHR142W
YGR260W,YIL016W
YGR260W,YJL117W
YGR260W,YJL196C
YGR260W,YJR117W
YGR260W,YKL008C
YGR260W,YKL065C
YGR260W,YKL154W
YGR260W,YLR372W
YGR260W,YML048W
YGR260W,YML075C
YGR260W,YOR016C
YGR260W,YPL076W
YGR262C,YHR027C
YGR262C,YKL145W
YGR262C,YMR205C
YGR274C,YML015C
YGR274C,YMR236W
YGR274C,YPR072W
YGR284C,YHL048W
YGR284C,YHR026W
YGR284C,YHR110W
YGR284C,YHR140W
YGR284C,YHR142W
YGR284C,YJR010C-A
YGR284C,YLL023C
YGR284C,YLR018C
YGR284C,YMR058W
YGR284C,YMR215W
YGR284C,YNL101W
YGR284C,YOL132W
YGR284C,YPL076W
YGR284C,YPL264C
YGR284C,YPL274W
YGR284C,YPR156C
YGR289C,YHL048W
YGR289C,YOL003C
YGR289C,YPR028W
YGR295C,YNL130C
YHL002W,YIL156W
YHL002W,YIR003W
YHL002W,YMR109W
YHL003C,YKL008C
YHL007C,YLR229C
YHL007C,YMR109W
YHL007C,YPL022W
YHL030W,YHR200W
YHL030W,YKL145W
YHL030W,YOR261C
YHL030W,YPR103W
YHL034C,YIL035C
YHL034C,YOL139C
YHL042W,YIL016W
YHL042W,YJL117W
YHL042W,YJR010C-A
YHL042W,YJR117W
YHL042W,YKL065C
YHL042W,YLR018C
YHL042W,YLR372W
YHL042W,YML048W
YHL042W,YMR264W
YHL042W,YOR016C
YHL042W,YOR254C
YHL042W,YPL076W
YHL042W,YPL264C
YHL042W,YPR028W
YHL048W,YHR026W
YHL048W,YHR140W
YHL048W,YHR142W
YHL048W,YIL016W
YHL048W,YJL117W
YHL048W,YJL196C
YHL048W,YJR117W
YHL048W,YKL008C
YHL048W,YKL065C
YHL048W,YKL154W
YHL048W,YLR372W
YHL048W,YML048W
YHL048W,YNL130C
YHL048W,YOL003C
YHL048W,YOR016C
YHL048W,YOR254C
YHL048W,YPL076W
YHL048W,YPR028W
YHL048W,YPR156C
YHR016C,YIL095W
YHR016C,YIL156W
YHR016C,YKL129C
YHR016C,YMR109W
YHR016C,YNL084C
YHR016C,YNL094W
YHR016C,YNL243W
YHR016C,YOR181W
YHR016C,YOR284W
YHR016C,YPR171W
YHR026W,YKL065C
YHR026W,YLL028W
YHR026W,YLR372W
YHR026W,YMR149W
YHR026W,YOR016C
YHR026W,YPR156C
YHR026W,YPR198W
YHR027C,YIL075C
YHR027C,YKL145W
YHR027C,YMR001C
YHR027C,YMR276W
YHR027C,YOR117W
YHR027C,YOR259C
YHR027C,YOR261C
YHR027C,YPR108W
YHR030C,YIL106W
YHR030C,YLR175W
YHR030C,YLR180W
YHR030C,YML064C
YHR030C,YMR205C
YHR030C,YNR031C
YHR030C,YOR231W
YHR030C,YPL140C
YHR030C,YPR054W
YHR030C,YPR111W
YHR041C,YOL051W
YHR041C,YOL135C
YHR041C,YPL248C
YHR052W,YHR066W
YHR052W,YIL035C
YHR052W,YJL095W
YHR052W,YKL172W
YHR052W,YKR081C
YHR052W,YLR074C
YHR052W,YMR049C
YHR052W,YMR093W
YHR052W,YMR229C
YHR052W,YNL061W
YHR052W,YNL110C
YHR052W,YNL132W
YHR052W,YNL175C
YHR052W,YNL230C
YHR052W,YOR005C
YHR052W,YOR080W
YHR052W,YOR206W
YHR052W,YOR267C
YHR052W,YOR272W
YHR052W,YPL043W
YHR052W,YPL141C
YHR058C,YOL051W
YHR058C,YOL135C
YHR058C,YOR119C
YHR066W,YIL035C
YHR066W,YKL014C
YHR066W,YKL172W
YHR066W,YKR081C
YHR066W,YLL008W
YHR066W,YMR049C
YHR066W,YMR290C
YHR066W,YNL002C
YHR066W,YNL061W
YHR066W,YOR080W
YHR066W,YOR206W
YHR066W,YOR272W
YHR066W,YPL043W
YHR066W,YPL093W
YHR066W,YPL211W
YHR066W,YPR016C
YHR082C,YHR186C
YHR082C,YJL098W
YHR082C,YJL106W
YHR082C,YJR066W
YHR082C,YLR259C
YHR082C,YNL006W
YHR084W,YKL161C
YHR084W,YPL049C
YHR086W,YIL061C
YHR086W,YKL012W
YHR086W,YLR147C
YHR086W,YLR275W
YHR086W,YMR125W
YHR086W,YPL178W
YHR089C,YKL014C
YHR089C,YLR175W
YHR089C,YNL061W
YHR089C,YPL012W
YHR089C,YPL043W
YHR094C,YJL012C
YHR099W,YJL081C
YHR099W,YJL098W
YHR099W,YMR236W
YHR099W,YNL107W
YHR099W,YOL012C
YHR099W,YOL148C
YHR099W,YOR119C
YHR099W,YPR023C
YHR107C,YJR076C
YHR107C,YLR314C
YHR110W,YJL196C
YHR110W,YKL065C
YHR110W,YLR372W
YHR110W,YML048W
YHR110W,YNL130C
YHR110W,YOR016C
YHR114W,YJL020C
YHR114W,YKL129C
YHR114W,YMR109W
YHR114W,YOR181W
YHR119W,YKL018W
YHR123W,YNL130C
YHR123W,YPL227C
YHR133C,YHR140W
YHR133C,YIL016W
YHR133C,YJL117W
YHR133C,YLR343W
YHR133C,YLR372W
YHR133C,YML048W
YHR133C,YML075C
YHR133C,YMR149W
YHR133C,YMR215W
YHR133C,YOR016C
YHR133C,YPL227C
YHR133C,YPL274W
YHR133C,YPR028W
YHR135C,YKL166C
YHR135C,YNL093W
YHR135C,YOR089C
YHR135C,YPL203W
YHR140W,YIL016W
YHR140W,YJL117W
YHR140W,YJL196C
YHR140W,YJR117W
YHR140W,YKL065C
YHR140W,YKL154W
YHR140W,YLL028W
YHR140W,YLR018C
YHR140W,YLR343W
YHR140W,YLR372W
YHR140W,YML048W
YHR140W,YMR058W
YHR140W,YMR215W
YHR140W,YNL044W
YHR140W,YNL048W
YHR140W,YNL101W
YHR140W,YOL003C
YHR140W,YOL132W
YHR140W,YOR016C
YHR140W,YOR254C
YHR140W,YPL076W
YHR140W,YPL227C
YHR140W,YPL264C
YHR140W,YPR028W
YHR140W,YPR156C
YHR142W,YIL016W
YHR142W,YJL117W
YHR142W,YJL196C
YHR142W,YJR015W
YHR142W,YJR117W
YHR142W,YKL154W
YHR142W,YLR372W
YHR142W,YML048W
YHR158C,YJL187C
YHR158C,YLR096W
YHR158C,YMR036C
YHR165C,YJR022W
YHR165C,YKL173W
YHR165C,YLR117C
YHR165C,YLR147C
YHR165C,YLR438C-A
YHR165C,YNR053C
YHR165C,YOR308C
YHR165C,YPR178W
YHR169W,YMR205C
YHR183W,YNL014W
YHR186C,YJL098W
YHR186C,YJL106W
YHR186C,YJR066W
YHR186C,YKL171W
YHR186C,YNL006W
YHR186C,YNL183C
YHR196W,YPL126W
YHR197W,YKL009W
YHR197W,YKR081C
YHR197W,YLR074C
YHR197W,YLR106C
YHR197W,YNL002C
YHR197W,YNL110C
YHR197W,YNL182C
YHR197W,YNR053C
YHR197W,YPL093W
YHR197W,YPR016C
YHR199C,YNL323W
YHR200W,YKL145W
YHR200W,YLR421C
YHR200W,YML092C
YHR200W,YMR314W
YHR200W,YOL038W
YHR200W,YOR259C
YHR200W,YOR261C
YHR200W,YPR103W
YHR200W,YPR108W
YIL004C,YIL076W
YIL004C,YLR078C
YIL004C,YNL287W
YIL007C,YOR117W
YIL007C,YOR259C
YIL016W,YJL196C
YIL016W,YJR010C-A
YIL016W,YKL008C
YIL016W,YLL028W
YIL016W,YLR018C
YIL016W,YML075C
YIL016W,YMR058W
YIL016W,YMR215W
YIL016W,YNL101W
YIL016W,YPL076W
YIL016W,YPL264C
YIL016W,YPL274W
YIL021W,YJL140W
YIL021W,YJL164C
YIL021W,YJR017C
YIL021W,YOR151C
YIL021W,YOR224C
YIL021W,YPL203W
YIL021W,YPR093C
YIL033C,YJL164C
YIL033C,YKL166C
YIL033C,YNL093W
YIL033C,YPL203W
YIL035C,YIL131C
YIL035C,YJL069C
YIL035C,YJL076W
YIL035C,YLR019W
YIL035C,YMR049C
YIL035C,YMR290C
YIL035C,YNL030W
YIL035C,YNL061W
YIL035C,YNL132W
YIL035C,YNL207W
YIL035C,YOR014W
YIL035C,YOR039W
YIL035C,YOR061W
YIL035C,YOR119C
YIL035C,YOR341W
YIL035C,YPL043W
YIL035C,YPL093W
YIL035C,YPR016C
YIL035C,YPR110C
YIL045W,YLR258W
YIL045W,YOR178C
YIL046W,YNL182C
YIL046W,YOL133W
YIL061C,YKL012W
YIL061C,YMR125W
YIL061C,YPL178W
YIL063C,YLR293C
YIL075C,YLR421C
YIL075C,YMR001C
YIL075C,YPR108W
YIL076W,YLR078C
YIL076W,YLR268W
YIL079C,YOL115W
YIL094C,YPL140C
YIL095W,YIR006C
YIL095W,YNL084C
YIL095W,YNL243W
YIL105C,YMR068W
YIL105C,YNL047C
YIL106W,YPR111W
YIL115C,YJL041W
YIL115C,YJL061W
YIL115C,YMR047C
YIL115C,YPR119W
YIL128W,YOL126C
YIL128W,YPR110C
YIL131C,YJL076W
YIL131C,YJR007W
YIL131C,YKR026C
YIL131C,YOL004W
YIL131C,YOR039W
YIL131C,YOR061W
YIL131C,YPL237W
YIL142W,YJL052W
YIL142W,YKR036C
YIL142W,YLL011W
YIL142W,YNL037C
YIL142W,YOR212W
YIL144W,YMR117C
YIL144W,YOL069W
YIL148W,YJR090C
YIL156W,YKL129C
YIL156W,YMR032W
YIL156W,YMR109W
YIL159W,YJL020C
YIL159W,YKL129C
YIL159W,YMR109W
YIR003W,YJL020C
YIR003W,YKL129C
YIR003W,YMR109W
YIR006C,YNL020C
YIR006C,YNL084C
YIR026C,YMR229C
YIR026C,YPR115W
YJL002C,YJR015W
YJL002C,YMR149W
YJL005W,YLL050C
YJL005W,YMR059W
YJL005W,YNL138W
YJL008C,YMR205C
YJL008C,YOL094C
YJL020C,YKL129C
YJL020C,YLR191W
YJL020C,YLR337C
YJL020C,YMR032W
YJL020C,YMR109W
YJL020C,YNL094W
YJL020C,YOR181W
YJL020C,YPR171W
YJL033W,YJR093C
YJL033W,YKR002W
YJL033W,YLR115W
YJL033W,YLR175W
YJL033W,YLR197W
YJL033W,YMR061W
YJL033W,YNL317W
YJL034W,YMR214W
YJL041W,YJL061W
YJL041W,YLR293C
YJL041W,YMR047C
YJL041W,YMR308C
YJL041W,YPR119W
YJL052W,YJR007W
YJL061W,YMR047C
YJL061W,YPR119W
YJL069C,YJL109C
YJL069C,YLR197W
YJL069C,YLR222C
YJL069C,YMR093W
YJL069C,YNL132W
YJL069C,YOR039W
YJL069C,YOR061W
YJL069C,YPL126W
YJL074C,YOL069W
YJL076W,YKR010C
YJL076W,YLR019W
YJL076W,YOR061W
YJL076W,YOR119C
YJL076W,YOR341W
YJL081C,YJL098W
YJL081C,YNL030W
YJL081C,YNL107W
YJL081C,YOL012C
YJL081C,YOR119C
YJL081C,YPL235W
YJL090C,YKL108W
YJL091C,YPL076W
YJL095W,YKL172W
YJL095W,YKR081C
YJL095W,YLL008W
YJL095W,YMR229C
YJL095W,YMR290C
YJL095W,YNL061W
YJL095W,YNL175C
YJL095W,YOR061W
YJL095W,YPL043W
YJL095W,YPL093W
YJL098W,YNL006W
YJL098W,YNL107W
YJL098W,YOL139C
YJL098W,YOR061W
YJL098W,YPL204W
YJL098W,YPR111W
YJL106W,YMR001C
YJL106W,YNL006W
YJL109C,YMR093W
YJL117W,YJR010C-A
YJL117W,YKL008C
YJL117W,YKL065C
YJL117W,YLR018C
YJL117W,YLR372W
YJL117W,YML123C
YJL117W,YMR058W
YJL117W,YMR215W
YJL117W,YNL101W
YJL117W,YPL076W
YJL117W,YPL264C
YJL124C,YJR022W
YJL124C,YKL173W
YJL124C,YLR438C-A
YJL124C,YNL118C
YJL124C,YNL147W
YJL124C,YOL149W
YJL128C,YLR006C
YJL128C,YNL053W
YJL128C,YNR031C
YJL130C,YLR216C
YJL130C,YMR205C
YJL138C,YJR007W
YJL138C,YKL060C
YJL138C,YLR044C
YJL138C,YLR259C
YJL138C,YMR205C
YJL138C,YNL244C
YJL138C,YOL139C
YJL138C,YOR351C
YJL140W,YJL164C
YJL140W,YOR151C
YJL140W,YPL203W
YJL141C,YNL230C
YJL141C,YOL133W
YJL141C,YOR080W
YJL151C,YOR181W
YJL157C,YLR229C
YJL157C,YOR212W
YJL164C,YKL166C
YJL164C,YNL093W
YJL164C,YOR151C
YJL164C,YOR210W
YJL164C,YPL203W
YJL173C,YML032C
YJL187C,YLR096W
YJL194W,YML065W
YJL196C,YJR010C-A
YJL196C,YJR117W
YJL196C,YKL065C
YJL196C,YKL154W
YJL196C,YLR372W
YJL196C,YMR058W
YJL196C,YMR215W
YJL196C,YNL044W
YJL196C,YNL101W
YJL196C,YPL076W
YJL196C,YPL227C
YJL196C,YPR028W
YJL199C,YPL070W
YJL203W,YMR240C
YJL203W,YNR053C
YJR007W,YJR009C
YJR007W,YKR026C
YJR007W,YLR044C
YJR007W,YOL139C
YJR007W,YOR260W
YJR007W,YPL237W
YJR010C-A,YJR117W
YJR010C-A,YKL008C
YJR010C-A,YKL065C
YJR010C-A,YKL154W
YJR010C-A,YLR372W
YJR010C-A,YML048W
YJR010C-A,YML067C
YJR010C-A,YMR264W
YJR010C-A,YOR016C
YJR010C-A,YOR254C
YJR010C-A,YPL076W
YJR010C-A,YPL227C
YJR015W,YMR149W
YJR022W,YKL173W
YJR022W,YLR147C
YJR022W,YLR438C-A
YJR022W,YNL118C
YJR022W,YNL147W
YJR022W,YNR053C
YJR022W,YOL149W
YJR022W,YOR308C
YJR022W,YPR178W
YJR033C,YOR332W
YJR035W,YOL139C
YJR042W,YKL068W
YJR042W,YKR082W
YJR042W,YLR208W
YJR045C,YMR205C
YJR045C,YPL240C
YJR052W,YLR442C
YJR052W,YMR201C
YJR053W,YMR055C
YJR063W,YNL113W
YJR063W,YOR210W
YJR063W,YOR224C
YJR063W,YOR341W
YJR063W,YPR010C
YJR063W,YPR110C
YJR063W,YPR187W
YJR065C,YLR370C
YJR065C,YMR109W
YJR065C,YNR035C
YJR066W,YKL171W
YJR066W,YNL006W
YJR066W,YNL183C
YJR066W,YNL229C
YJR068W,YNL290W
YJR068W,YOL094C
YJR068W,YOL126C
YJR076C,YLR314C
YJR090C,YLL050C
YJR090C,YMR199W
YJR090C,YNR001C
YJR090C,YOL133W
YJR090C,YPL256C
YJR093C,YKL059C
YJR093C,YKR002W
YJR093C,YLR115W
YJR093C,YMR061W
YJR093C,YNL317W
YJR110W,YLR002C
YJR117W,YLR018C
YJR117W,YMR215W
YJR117W,YNL101W
YJR117W,YPL076W
YJR121W,YMR205C
YJR138W,YLR438C-A
YJR159W,YMR308C
YJR159W,YOR098C
YKL008C,YKL065C
YKL008C,YLR372W
YKL008C,YMR058W
YKL008C,YMR215W
YKL008C,YPL076W
YKL008C,YPL264C
YKL009W,YLR074C
YKL009W,YNL061W
YKL009W,YOR267C
YKL009W,YPR016C
YKL012W,YMR125W
YKL012W,YPR182W
YKL014C,YNL061W
YKL014C,YPL043W
YKL018W,YKL059C
YKL018W,YLR115W
YKL018W,YNL317W
YKL021C,YNL061W
YKL021C,YPR016C
YKL059C,YKR002W
YKL059C,YLR115W
YKL059C,YMR061W
YKL059C,YNL317W
YKL065C,YLL028W
YKL065C,YLR018C
YKL065C,YMR058W
YKL065C,YMR149W
YKL065C,YMR215W
YKL065C,YNL101W
YKL065C,YPL076W
YKL065C,YPL264C
YKL065C,YPR156C
YKL065C,YPR198W
YKL068W,YKR082W
YKL068W,YLR335W
YKL068W,YLR347C
YKL068W,YMR047C
YKL068W,YMR308C
YKL080W,YMR054W
YKL085W,YNR001C
YKL095W,YKL173W
YKL095W,YLR117C
YKL095W,YPL151C
YKL103C,YML064C
YKL103C,YMR104C
YKL103C,YNL189W
YKL103C,YOL082W
YKL103C,YPL204W
YKL117W,YLR216C
YKL117W,YMR186W
YKL117W,YOR027W
YKL129C,YLR337C
YKL129C,YMR109W
YKL129C,YNL025C
YKL129C,YNL084C
YKL129C,YNL094W
YKL129C,YNL138W
YKL129C,YNL271C
YKL129C,YOR047C
YKL129C,YOR181W
YKL143W,YNL207W
YKL144C,YOR116C
YKL144C,YOR207C
YKL144C,YOR224C
YKL144C,YPR110C
YKL144C,YPR187W
YKL145W,YLR421C
YKL145W,YMR001C
YKL145W,YOR117W
YKL145W,YOR259C
YKL145W,YOR261C
YKL145W,YPR108W
YKL154W,YLL023C
YKL154W,YML075C
YKL154W,YMR058W
YKL154W,YMR215W
YKL154W,YNL101W
YKL154W,YPL076W
YKL154W,YPL264C
YKL154W,YPL274W
YKL161C,YPL049C
YKL161C,YPL140C
YKL166C,YLR216C
YKL166C,YMR205C
YKL166C,YNL093W
YKL166C,YPL203W
YKL171W,YKL203C
YKL171W,YNL006W
YKL171W,YNL229C
YKL171W,YNL307C
YKL172W,YKR081C
YKL172W,YMR049C
YKL172W,YNL175C
YKL172W,YNL230C
YKL172W,YOR267C
YKL172W,YOR294W
YKL173W,YLR117C
YKL173W,YLR147C
YKL173W,YLR438C-A
YKL173W,YNL147W
YKL173W,YOR159C
YKL173W,YPR178W
YKL173W,YPR182W
YKL203C,YMR068W
YKL203C,YNL006W
YKL203C,YNL229C
YKL203C,YOL078W
YKL214C,YMR308C
YKL214C,YPL169C
YKR002W,YLR115W
YKR002W,YMR061W
YKR002W,YNL317W
YKR010C,YOR061W
YKR026C,YLR291C
YKR026C,YOR260W
YKR026C,YPL204W
YKR026C,YPL237W
YKR036C,YPL042C
YKR048C,YMR139W
YKR081C,YLL008W
YKR081C,YLR002C
YKR081C,YLR074C
YKR081C,YLR449W
YKR081C,YMR049C
YKR081C,YMR290C
YKR081C,YNL002C
YKR081C,YNL061W
YKR081C,YNL110C
YKR081C,YNL230C
YKR081C,YNR053C
YKR081C,YOL077C
YKR081C,YOR005C
YKR081C,YOR206W
YKR081C,YOR233W
YKR081C,YOR267C
YKR081C,YOR272W
YKR081C,YPL093W
YKR081C,YPL141C
YKR081C,YPL211W
YKR081C,YPR016C
YKR082W,YLR208W
YKR082W,YMR047C
YLL005C,YML075C
YLL008W,YNL061W
YLL008W,YNL110C
YLL008W,YNL175C
YLL008W,YOR233W
YLL008W,YOR267C
YLL008W,YPL043W
YLL008W,YPR016C
YLL011W,YNL132W
YLL019C,YPL043W
YLL021W,YLR319C
YLL021W,YNL271C
YLL023C,YLR372W
YLL023C,YML048W
YLL023C,YMR215W
YLL023C,YNL044W
YLL028W,YLR018C
YLL028W,YLR372W
YLL028W,YML048W
YLL028W,YMR149W
YLL028W,YMR215W
YLL028W,YMR264W
YLL028W,YOR016C
YLL050C,YLR429W
YLL050C,YMR059W
YLL050C,YNL071W
YLL050C,YNL138W
YLR002C,YMR049C
YLR002C,YOR267C
YLR002C,YPR016C
YLR006C,YMR022W
YLR006C,YNR031C
YLR018C,YLR372W
YLR018C,YML048W
YLR018C,YMR264W
YLR018C,YPR028W
YLR019W,YOR061W
YLR019W,YOR341W
YLR035C,YMR167W
YLR044C,YMR246W
YLR044C,YOL139C
YLR044C,YOR260W
YLR074C,YLR106C
YLR074C,YNL002C
YLR074C,YNL030W
YLR074C,YNL110C
YLR074C,YNL175C
YLR074C,YNL182C
YLR074C,YNR053C
YLR074C,YPL093W
YLR074C,YPR016C
YLR078C,YLR268W
YLR078C,YNL287W
YLR078C,YPR181C
YLR079W,YPR120C
YLR083C,YPL264C
YLR096W,YML057W
YLR096W,YNL161W
YLR096W,YOR014W
YLR096W,YOR061W
YLR096W,YPR115W
YLR097C,YOL133W
YLR106C,YNL110C
YLR113W,YLR362W
YLR115W,YMR061W
YLR115W,YNL317W
YLR117C,YML049C
YLR117C,YMR240C
YLR147C,YLR275W
YLR147C,YMR125W
YLR147C,YMR240C
YLR147C,YOR159C
YLR147C,YOR308C
YLR147C,YPR178W
YLR147C,YPR182W
YLR175W,YLR197W
YLR175W,YMR290C
YLR175W,YNL189W
YLR175W,YPL012W
YLR175W,YPL043W
YLR180W,YMR205C
YLR180W,YNL030W
YLR197W,YPL043W
YLR208W,YNL307C
YLR216C,YPL240C
YLR223C,YLR362W
YLR229C,YNL298W
YLR233C,YOR319W
YLR245C,YPL070W
YLR258W,YOR178C
YLR259C,YMR205C
YLR268W,YNL287W
YLR275W,YMR125W
YLR275W,YNL147W
YLR275W,YOR159C
YLR275W,YPL178W
YLR275W,YPR182W
YLR288C,YPL194W
YLR291C,YOR260W
YLR291C,YPL070W
YLR291C,YPL237W
YLR292C,YML123C
YLR292C,YOR254C
YLR293C,YLR335W
YLR293C,YLR347C
YLR310C,YNL307C
YLR319C,YLR362W
YLR319C,YNL271C
YLR335W,YLR347C
YLR335W,YMR047C
YLR335W,YNL189W
YLR335W,YOR020C
YLR335W,YOR133W
YLR337C,YMR032W
YLR337C,YMR109W
YLR337C,YOR181W
YLR343W,YMR215W
YLR343W,YPL076W
YLR347C,YMR047C
YLR347C,YMR308C
YLR347C,YNL189W
YLR347C,YOR098C
YLR370C,YNR035C
YLR372W,YML048W
YLR372W,YML075C
YLR372W,YMR058W
YLR372W,YMR149W
YLR372W,YMR215W
YLR372W,YNL101W
YLR372W,YOL132W
YLR372W,YPL076W
YLR372W,YPL264C
YLR372W,YPR156C
YLR372W,YPR198W
YLR423C,YPL124W
YLR427W,YOL139C
YLR427W,YOR206W
YLR427W,YPL043W
YLR429W,YNL094W
YLR438C-A,YNL147W
YLR438C-A,YOL149W
YLR438C-A,YPR178W
YLR442C,YNL030W
YLR447C,YMR054W
YLR449W,YNL061W
YLR449W,YOR267C
YML007W,YMR047C
YML015C,YMR236W
YML032C,YNL312W
YML041C,YOL012C
YML048W,YMR058W
YML048W,YMR149W
YML048W,YMR215W
YML048W,YNL101W
YML048W,YOL132W
YML048W,YPL076W
YML048W,YPL264C
YML048W,YPL274W
YML048W,YPR156C
YML048W,YPR198W
YML049C,YMR125W
YML049C,YMR240C
YML049C,YOR159C
YML049C,YPL178W
YML049C,YPR182W
YML057W,YNL290W
YML064C,YMR055C
YML064C,YMR106C
YML064C,YMR205C
YML064C,YPL070W
YML075C,YPL264C
YML092C,YMR308C
YML092C,YMR314W
YML092C,YOL038W
YML092C,YOR020C
YML092C,YPR103W
YML095C,YMR201C
YML095C,YOL090W
YML095C,YPL022W
YML095C,YPL262W
YML109W,YMR109W
YML109W,YMR273C
YML109W,YNL298W
YML109W,YOR362C
YML109W,YPL115C
YML123C,YPR156C
YMR001C,YOR117W
YMR001C,YOR259C
YMR001C,YPL153C
YMR022W,YNR031C
YMR032W,YMR109W
YMR032W,YNL078W
YMR032W,YOL070C
YMR047C,YMR308C
YMR047C,YNL189W
YMR047C,YOR020C
YMR047C,YPR119W
YMR049C,YMR290C
YMR049C,YNL002C
YMR049C,YNL061W
YMR049C,YNL110C
YMR049C,YNL230C
YMR049C,YOL077C
YMR049C,YOR061W
YMR049C,YOR206W
YMR049C,YOR267C
YMR049C,YOR272W
YMR049C,YPL043W
YMR049C,YPL093W
YMR049C,YPL141C
YMR049C,YPR016C
YMR052W,YNL127W
YMR054W,YOR332W
YMR058W,YOL003C
YMR058W,YPL227C
YMR058W,YPL264C
YMR058W,YPL274W
YMR059W,YNL135C
YMR061W,YNL317W
YMR068W,YNL047C
YMR068W,YOR014W
YMR080C,YNL118C
YMR106C,YMR205C
YMR106C,YMR284W
YMR106C,YPL031C
YMR106C,YPL140C
YMR109W,YNL025C
YMR109W,YNL094W
YMR109W,YNL138W
YMR109W,YNL271C
YMR109W,YOR047C
YMR109W,YOR181W
YMR109W,YPL038W
YMR117C,YNL250W
YMR125W,YMR240C
YMR125W,YOL139C
YMR125W,YPL178W
YMR125W,YPR182W
YMR139W,YNL078W
YMR146C,YMR309C
YMR146C,YNL244C
YMR146C,YOL087C
YMR146C,YOR361C
YMR146C,YPR041W
YMR146C,YPR086W
YMR149W,YOR016C
YMR159C,YPL149W
YMR186W,YPL240C
YMR197C,YOL018C
YMR197C,YOR036W
YMR201C,YOL090W
YMR201C,YPL022W
YMR205C,YMR214W
YMR205C,YNL064C
YMR205C,YNL135C
YMR205C,YNL290W
YMR205C,YOL094C
YMR205C,YOL133W
YMR205C,YOR351C
YMR205C,YPR110C
YMR205C,YPR111W
YMR215W,YNL044W
YMR215W,YOR016C
YMR215W,YPL076W
YMR215W,YPL227C
YMR215W,YPL234C
YMR215W,YPR028W
YMR215W,YPR156C
YMR229C,YNL175C
YMR240C,YOR319W
YMR240C,YPL151C
YMR240C,YPR182W
YMR264W,YPL076W
YMR273C,YPL115C
YMR276W,YOR117W
YMR284W,YPL078C
YMR290C,YNL061W
YMR290C,YNL110C
YMR290C,YOR267C
YMR290C,YPL043W
YMR290C,YPR016C
YMR291W,YPL262W
YMR308C,YMR314W
YMR308C,YNL189W
YMR308C,YOR020C
YMR308C,YOR098C
YMR308C,YOR362C
YMR309C,YNL244C
YMR309C,YOL087C
YMR309C,YOR039W
YMR309C,YOR361C
YMR309C,YPR041W
YMR309C,YPR086W
YMR314W,YOR261C
YMR314W,YOR362C
YMR314W,YPR103W
YNL002C,YNL110C
YNL002C,YOR267C
YNL002C,YPL043W
YNL002C,YPL141C
YNL002C,YPR016C
YNL006W,YNL183C
YNL006W,YOL078W
YNL020C,YNL084C
YNL020C,YNL243W
YNL025C,YNL094W
YNL025C,YNL236W
YNL025C,YPL042C
YNL037C,YOR136W
YNL048W,YPL076W
YNL048W,YPR028W
YNL061W,YOL077C
YNL061W,YOR005C
YNL061W,YOR206W
YNL061W,YOR267C
YNL061W,YOR272W
YNL061W,YPL043W
YNL061W,YPL093W
YNL061W,YPL211W
YNL061W,YPR016C
YNL078W,YOL070C
YNL084C,YOR181W
YNL093W,YNL263C
YNL093W,YOR089C
YNL094W,YNL243W
YNL101W,YOR254C
YNL101W,YPL076W
YNL101W,YPR028W
YNL107W,YOL012C
YNL107W,YOR119C
YNL107W,YPL235W
YNL107W,YPR023C
YNL110C,YNL182C
YNL110C,YOL077C
YNL110C,YOR005C
YNL110C,YOR272W
YNL110C,YPL043W
YNL110C,YPL093W
YNL110C,YPR016C
YNL113W,YOR207C
YNL113W,YOR341W
YNL113W,YPR010C
YNL113W,YPR110C
YNL116W,YNL311C
YNL118C,YOL149W
YNL128W,YPL164C
YNL130C,YOR016C
YNL132W,YNL207W
YNL132W,YPL043W
YNL147W,YOL149W
YNL147W,YOR308C
YNL147W,YPR178W
YNL161W,YOL139C
YNL175C,YPL043W
YNL182C,YPR016C
YNL207W,YOR039W
YNL207W,YOR061W
YNL207W,YPL042C
YNL230C,YOR272W
YNL236W,YOL051W
YNL236W,YOL135C
YNL243W,YNL298W
YNL243W,YOR181W
YNL243W,YOR284W
YNL244C,YOR361C
YNL244C,YPR041W
YNL288W,YNR052C
YNL288W,YPR072W
YNL290W,YOL094C
YNL298W,YOR127W
YNL298W,YPL115C
YNR010W,YOL135C
YNR010W,YOR174W
YNR053C,YOR308C
YNR053C,YPR016C
YOL003C,YPL076W
YOL003C,YPL264C
YOL004W,YPL139C
YOL012C,YPL235W
YOL021C,YOR001W
YOL038W,YPR103W
YOL041C,YPL043W
YOL041C,YPL141C
YOL051W,YOL135C
YOL051W,YOR119C
YOL051W,YOR174W
YOL051W,YPL248C
YOL070C,YOR098C
YOL077C,YPL043W
YOL132W,YOR016C
YOL132W,YPL274W
YOL133W,YOR319W
YOL135C,YOR174W
YOL139C,YPL178W
YOL145C,YOR039W
YOL145C,YOR061W
YOL148C,YOR119C
YOL148C,YPR086W
YOR001W,YOR326W
YOR005C,YOR272W
YOR005C,YPR016C
YOR014W,YOR039W
YOR014W,YOR061W
YOR014W,YOR119C
YOR016C,YPL076W
YOR016C,YPL264C
YOR016C,YPL274W
YOR016C,YPR156C
YOR016C,YPR198W
YOR027W,YPL240C
YOR039W,YOR061W
YOR039W,YOR119C
YOR039W,YOR361C
YOR061W,YOR119C
YOR061W,YOR267C
YOR061W,YOR341W
YOR116C,YOR207C
YOR116C,YOR224C
YOR116C,YPR110C
YOR116C,YPR187W
YOR117W,YOR259C
YOR117W,YPR108W
YOR119C,YOR174W
YOR151C,YOR210W
YOR151C,YPL203W
YOR151C,YPR093C
YOR151C,YPR187W
YOR159C,YPR178W
YOR159C,YPR182W
YOR181W,YPL246C
YOR206W,YOR267C
YOR206W,YPL043W
YOR210W,YOR341W
YOR210W,YPL203W
YOR210W,YPR010C
YOR224C,YOR341W
YOR224C,YPL203W
YOR229W,YOR230W
YOR254C,YPL076W
YOR254C,YPL264C
YOR259C,YPR108W
YOR260W,YPL237W
YOR261C,YPR108W
YOR267C,YOR294W
YOR267C,YPL093W
YOR267C,YPR016C
YOR272W,YPL043W
YOR272W,YPR016C
YOR284W,YPL070W
YOR308C,YPR178W
YOR341W,YPR010C
YOR341W,YPR110C
YOR341W,YPR187W
YOR361C,YPR016C
YOR361C,YPR041W
YOR361C,YPR086W
YOR362C,YPR103W
YPL012W,YPL043W
YPL042C,YPL248C
YPL043W,YPL093W
YPL043W,YPL259C
YPL070W,YPL124W
YPL076W,YPL264C
YPL076W,YPR028W
YPL093W,YPR016C
YPL124W,YPL255W
YPL129W,YPL203W
YPL203W,YPR187W
YPL227C,YPL264C
YPL227C,YPL274W
YPL227C,YPR198W
YPL264C,YPR028W
YPR041W,YPR086W
YPR054W,YPR191W
YPR178W,YPR182W
