YLR354C,YJL107C,YDR326C,YGR241C
YBR063C,YFR011C,YLL042C,YLR015W
YOR066W,YOR142W,YJR031C,YBL068W
YGL004C,YGR247W,YPR077C,YBR128C
YGL061C,YJR123W,YEL004W,YCR038C
YNL228W,YKR068C,YDR293C,YLR278C
YER007W,YNL199C,YJR144W,YPL267W
YLR416C,YPR143W,YLL060C,YJR127C
YDR084C,YMR147W,YLR427W,YBR083W
YJL052W,YKL093W,YOL070C,YPL102C
YOR187W,YLR168C,YJL118W,YGL184C
YBR017C,YJL034W,YLR249W,YJL203W
YBR286W,YNL275W,YDR030C,YHR212W-A
YKL175W,YLR209C,YAL024C,YER163C
YHR158C,YBR025C,YDL140C,YLR246W
YMR195W,YNL238W,YPL180W,YJL198W
YDL037C,YDR484W,YMR187C,YDL069C
YLR243W,YIL140W,YIL157C,YOR119C
YBL104C,YML016C,YDR023W,YDR227W
YDR131C,YJL054W,YNL312W,YGR157W
YHR087W,YLR215C,YJR065C,YDR532C
YMR196W,YCR027C,YML089C,YDL198C
YMR322C,YDL027C,YFL018C,YDL056W
YPL149W,YMR152W,YJL123C,YDR013W
YCL011C,YNR027W,YLR295C,YGL009C
YIR038C,YDR195W,YDL138W,YBR127C
YOR335C,YMR238W,YDR331W,YPR001W
YPL140C,YKL081W,YJL015C,YDR412W
YDR445C,YMR045C,YNL096C,YJL019W
YHR112C,YKL078W,YKR096W,YGR100W
YDR490C,YIR008C,YLR298C,YHR047C
YKL003C,YAL060W,YOL102C,YER083C
YKL134C,YGR038W,YML091C,YNL049C
YDL196W,YBR195C,YDR456W,YLR328W
YMR212C,YJL011C,YOL021C,YER121W
YDR156W,YOR262W,YGL153W,YOL008W
YLR208W,YLR379W,YDL078C,YOR312C
YML130C,YBL099W,YHR167W,YMR105C
YDR164C,YGL124C,YDL093W,YEL009C
YBR194W,YDL207W,YNR034W,YOR192C
YNL023C,YIL082W-A,YDR487C,YJL035C
YNL126W,YGL244W,YOR310C,YOR008C
YFL022C,YLR443W,YPL121C,YPL087W
YER188W,YBR285W,YJL153C,YER010C
YLR003C,YBR061C,YBR120C,YMR067C
YML008C,YDL127W,YBR241C,YMR009W
YGR108W,YBR207W,YPL231W,YNL054W
YOR353C,YIL148W,YJL076W,YDL074C
YGR101W,YDR382W,YOL156W,YHR133C
YLR406C,YGR224W,YOR190W,YDR473C
YKR031C,YBR291C,YLL050C,YPR114W
YAL026C,YGL134W,YEL024W,YDR277C
YDR041W,YDR503C,YOR390W,YDR283C
YFL015C,YIL040W,YNL037C,YDR202C
YGR168C,YGR181W,YAR014C,YHR186C
YBL003C,YMR127C,YOL067C,YBL088C
YGR220C,YBL084C,YGR109C,YKR021W
YDL013W,YPL078C,YPL209C,YIR003W
YNL329C,YAR064W,YPR084W,YFR053C
YPL016W,YJR041C,YGL254W,YJR062C
YIL060W,YPL262W,YLR288C,YKR084C
YOR028C,YKL063C,YLR300W,YOL045W
YOR360C,YGL128C,YCL035C,YDR069C
YPR102C,YBL023C,YBL091C,YOR180C
YNL028W,YML070W,YMR172W,YNL293W
YEL069C,YGR014W,YBR253W,YOR290C
YGL098W,YJL036W,YOR215C,YPR086W
YMR138W,YLR257W,YNL291C,YHR120W
YDR267C,YPL008W,YPR104C,YMR314W
YPL220W,YOR350C,YLR293C,YJR094C
YIR024C,YNL258C,YAL033W,YHR194W
YOL111C,YLL010C,YGR178C,YHR175W
YGR205W,YPR058W,YDR184C,YMR214W
YHR080C,YDL042C,YLL032C,YIL010W
YBR115C,YPL163C,YBR213W,YBR123C
YFR008W,YNL072W,YER156C,YML001W
YOR005C,YDR444W,YAR068W,YDR022C
YCR040W,YLR254C,YDL158C,YNL290W
YJR037W,YDR181C,YCL052C,YOL015W
YLR021W,YAL055W,YBL050W,YDR207C
YMR219W,YFL010C,YBL014C,YBR073W
YIL085C,YER111C,YBR116C,YOR243C
YPR097W,YFR031C,YGL151W,YDR425W
YOR130C,YLR137W,YER011W,YGL223C
YBR004C,YDR485C,YIR009W,YPR056W
YLR221C,YOR013W,YDL020C,YLR392C
YOR319W,YKL033W,YFL045C,YBL098W
YDR410C,YFR036W,YCR054C,YGL102C
YDR475C,YPR168W,YDR397C,YGR219W
YCR082W,YIL147C,YEL018W,YLR317W
YCR088W,YDL073W,YGL096W,YPR057W
YOR018W,YGR023W,YLL005C,YDR461W
YPL152W,YJL167W,YML034W,YOR323C
YLR331C,YMR198W,YLR152C,YOR134W
YIR034C,YGR033C,YBR054W,YER151C
YGR029W,YKL002W,YHR185C,YMR167W
YDL079C,YLR417W,YEL046C,YKL010C
YDR136C,YLR024C,YNL030W,YER068W
YNL073W,YOR131C,YNL230C,YDR523C
YKL177W,YDR321W,YJR044C,YKL061W
YOR194C,YDR192C,YDR379W,YDR032C
YPL096W,YLR173W,YLR353W,YGL072C
YPL260W,YPL202C,YLR093C,YNL081C
YBR193C,YAR030C,YLR054C,YBR211C
YIL088C,YHL004W,YMR101C,YDR073W
YOL006C,YDL235C,YBL006C,YLR133W
YLR138W,YGR244C,YMR224C,YPR076W
YJL145W,YJR049C,YKR039W,YLR460C
YLR032W,YOR006C,YNR035C,YCL023C
YBR020W,YGL062W,YMR284W,YDR116C
YJR105W,YDR349C,YLR123C,YML018C
YER016W,YER030W,YDR169C,YPL215W
YPL071C,YNL190W,YLR078C,YGR296W
YDR020C,YMR237W,YER144C,YHR043C
YPL245W,YCR008W,YDR372C,YBR231C
YHR063C,YNL034W,YDR003W,YDR466W
YMR258C,YML107C,YGL226W,YPL270W
YFL054C,YMR271C,YDL200C,YER140W
YKL122C,YAR023C,YGR281W,YBR205W
YKL111C,YDR046C,YIL014W,YDR448W
YLR273C,YJR059W,YML124C,YBR012W-B
YNL191W,YPL274W,YOR318C,YKR090W
YDL059C,YLR017W,YGL147C,YMR277W
YBR001C,YMR017W,YBR221C,YGR004W
YER183C,YKL095W,YHR102W,YOR173W
YDR160W,YER154W,YDR264C,YNL051W
YHR092C,YBL054W,YBR053C,YOL123W
YPR015C,YBL049W,YJL030W,YDR179C
YJR058C,YPL265W,YGR282C,YDR390C
YGR090W,YPR133C,YPL257W,YER075C
YKL166C,YNL336W,YHL031C,YPL237W
YNL095C,YGL245W,YBR282W,YBL045C
YPL214C,YFR039C,YLR193C,YDR180W
YLR128W,YOR326W,YDR460W,YMR146C
YHR046C,YFR013W,YBR042C,YJL039C
YJR075W,YPR025C,YPR183W,YOR092W
YPR066W,YPR017C,YOL144W,YFR004W
YAL009W,YEL013W,YGL240W,YBL100C
YGL237C,YGR005C,YBR228W,YDR144C
YOL135C,YBR273C,YGR165W,YNR069C
YMR012W,YNL018C,YMR144W,YKL036C
YDR343C,YJL083W,YDR012W,YMR205C
YBR099C,YPR137C-B,YLR174W,YDR239C
YLR052W,YNL132W,YPR004C,YLL004W
YDR133C,YMR199W,YNL323W,YDR049W
YBL067C,YPL036W,YJL004C,YJL032W
YFR015C,YGR123C,YMR253C,YBR068C
YIL066C,YBR117C,YGL225W,YGL044C
YOR138C,YNR042W,YOL020W,YAL031C
YPL051W,YHR121W,YKL014C,YIR027C
YCR071C,YOR340C,YDR363W,YKL150W
YML065W,YIL032C,YGR201C,YCR041W
YMR089C,YGL029W,YJR135W-A,YJL006C
YJL212C,YLL047W,YMR266W,YIR010W
YHR182W,YDR374C,YDR107C,YHR114W
YML071C,YPL219W,YKL213C,YGR122W
YBR141C,YHR089C,YDL062W,YPR010C-A
YAR018C,YMR239C,YNR023W,YFL020C
YOR099W,YPL043W,YLR185W,YOL038W
YKR070W,YJR001W,YAL041W,YKL068W
YOR261C,YNL208W,YKL015W,YLR014C
YCR024C-A,YFR024C-A,YGL229C,YKR048C
YIL033C,YHR157W,YPL115C,YLR397C
YGL047W,YIL160C,YER025W,YBL043W
YHR211W,YMR251W,YDR365C,YDR070C
YBR078W,YER053C,YOR317W,YOR389W
YMR316W,YOR145C,YNL097C,YJR136C
YIL103W,YIL006W,YGR276C,YPL243W
YNL066W,YOR102W,YLR026C,YKL059C
YBL005W,YDR101C,YGR042W,YGL092W
YNR048W,YDR121W,YOR148C,YBR003W
YIL046W,YOL062C,YEL005C,YDL147W
YJR073C,YJL059W,YKL212W,YPL056C
YCR068W,YKL209C,YBR271W,YPL246C
YPR160C-A,YFR047C,YGR251W,YER066C-A
YDR223W,YER175C,YDR515W,YFL058W
YPL038W,YLL046C,YGL015C,YNL167C
YFR003C,YBL032W,YGL222C,YBR196C
YHR008C,YDL011C,YEL077C,YHR016C
YNL278W,YPL190C,YDR371W,YBL100W-A
YOL080C,YCL058C,YMR193W,YKR106W
YGR056W,YLR110C,YOL149W,YPL154C
YNR039C,YDL215C,YNR037C,YHR122W
YAL014C,YHR198C,YLR040C,YHL027W
YBR154C,YBR018C,YER020W,YBR045C
YOR140W,YKL105C,YDR009W,YNL011C
YER189W,YER122C,YGL139W,YHR012W
YBR119W,YPR068C,YMR111C,YBL064C
YLR456W,YLR199C,YDR108W,YPL204W
YHL007C,YFR037C,YJR067C,YOR065W
YDR424C,YDL097C,YDR465C,YMR278W
YBR052C,YCL007C,YOR245C,YPL216W
YDR511W,YGL120C,YGR188C,YMR177W
YBR302C,YGL233W,YDR224C,YPL120W
YGL014W,YLL037W,YLR267W,YOR025W
YLR117C,YHL046C,YNR022C,YPL139C
YLR144C,YKL188C,YLR077W,YJL111W
YMR125W,YOR212W,YBR258C,YOR309C
YIL017C,YBR047W,YKL089W,YGR271W
YMR296C,YJR113C,YBR167C,YLR369W
YOR344C,YKL149C,YOR331C,YLL006W
YGR131W,YFL062W,YHR209W,YMR041C
YNL187W,YBR183W,YIL101C,YBL059W
YPL013C,YGL133W,YKL011C,YGR110W
YBL095W,YKL084W,YNL266W,YMR225C
YMR074C,YCR048W,YPL106C,YDL143W
YHL047C,YKL203C,YOR087W,YIL144W
YER063W,YHR009C,YKR050W,YFR050C
YPL084W,YCL061C,YPL129W,YLR083C
YBR300C,YPL135C-A,YMR005W,YPL181W
YPR085C,YPL050C,YGL180W,YGR209C
YIL124W,YJL112W,YBR217W,YNR049C
YML052W,YPL034W,YDR541C,YDR051C
YGL121C,YOR161C,YDR178W,YCR106W
YPL193W,YNL226W,YLR205C,YDR143C
YDL146W,YFL021W,YGR092W,YJL168C
YKL146W,YPL226W,YGL085W,YCR033W
YKL039W,YHR059W,YLR384C,YKR035C
YGR198W,YML094W,YGL242C,YEL058W
YLR136C,YDR036C,YDR075W,YGR141W
YLR204W,YBR035C,YPL026C,YIR037W
YHR044C,YDL064W,YMR020W,YDR246W
YJL210W,YPL221W,YPL244C,YJR064W
YML035C,YOR361C,YHR110W,YDR299W
YJR135C,YMR302C,YPR093C,YNL241C
YBR266C,YJL095W,YGL055W,YLR374C
YKL147C,YDR296W,YPL141C,YDR201W
YDL246C,YMR080C,YLR332W,YOR292C
YMR064W,YDR190C,YKR005C,YGR028W
YPL070W,YGR278W,YJR109C,YKL143W
YIL129C,YLR229C,YKL042W,YDR482C
YLR225C,YEL041W,YDR152W,YLR150W
YGL227W,YLR025W,YBR072W,YDR130C
YKL126W,YIL007C,YGL035C,YPL086C
YNL077W,YIR040C,YIL122W,YFR054C
YDR288W,YDR291W,YDL203C,YER176W
YML041C,YJL199C,YCL005W,YML020W
YLR424W,YCR093W,YBL074C,YER128W
YKR080W,YGL071W,YFR051C,YPR091C
YBR264C,YLR112W,YDR319C,YMR241W
YPR171W,YGL073W,YFL060C,YNL298W
YCL025C,YOL056W,YBL030C,YNL075W
YGR103W,YDR480W,YBL044W,YGL114W
YDL144C,YGL175C,YKL101W,YMR263W
YLR245C,YMR190C,YOL011W,YJR115W
YCR024C,YKL173W,YDR409W,YLR187W
YHL003C,YNR061C,YNL277W-A,YIL049W
YBR111W-A,YMR246W,YKL152C,YOL043C
YDL129W,YCR028C-A,YHR034C,YDR251W
YGR161C,YDR337W,YPR118W,YDR138W
YLR064W,YOL147C,YDL245C,YLR241W
YNL085W,YML077W,YBR215W,YCR015C
YDR478W,YGR016W,YGR084C,YJR010C-A
YPR071W,YLR198C,YGR152C,YGR089W
YER048C,YJL026W,YNL201C,YDL238C
YGL256W,YBR281C,YDR135C,YDR366C
YPR169W,YPR069C,YHR013C,YDR436W
YJL213W,YOR267C,YNR071C,YGR129W
YLR274W,YBR150C,YJL151C,YGR037C
YBL056W,YKL106W,YNR018W,YMR163C
YBR050C,YLR263W,YER106W,YGR057C
YPL093W,YLL014W,YDR489W,YDR330W
YDR080W,YDL237W,YDL005C,YPL212C
YGR146C,YOR031W,YOR033C,YPL066W
YOL098C,YKR105C,YMR059W,YMR313C
YPR188C,YKR029C,YDR218C,YIL052C
YDL190C,YDL225W,YOR124C,YGR158C
YHR026W,YKL080W,YNL106C,YPL191C
YDR255C,YMR289W,YPL014W,YHR097C
YNL050C,YKL119C,YOL051W,YCL030C
YGR097W,YPR096C,YBR222C,YIL027C
YOR355W,YIL149C,YHR189W,YDR280W
YDR305C,YNR068C,YKL092C,YDR166C
YEL006W,YEL019C,YKR020W,YJL162C
YMR010W,YKR034W,YBR223C,YPL218W
YCR003W,YNL118C,YOL124C,YGL220W
YNL119W,YOR035C,YFL005W,YLR325C
YDR405W,YDR119W,YPL146C,YPL205C
YDL092W,YDL015C,YBL108W,YJL222W-A
YBR230C,YGR250C,YDL030W,YHR149C
YJR086W,YNR065C,YER022W,YJL225C
YER104W,YOR020C,YJL010C,YHR040W
YFR055W,YAL063C-A,YLR438C-A,YKL023W
YGR035C,YJR072C,YLR068W,YDR038C
YOR269W,YGL138C,YPR162C,YFL002W-B
YIL153W,YGR062C,YJL071W,YPR189W
YDL229W,YOR236W,YAL042W,YPL155C
YDR137W,YDR092W,YML021C,YNR058W
YDR377W,YDR329C,YJL133W,YNL194C
YFL048C,YMR023C,YDL150W,YNL318C
YOR027W,YKL154W,YDL054C,YDR510W
YAL059W,YBL004W,YBR110W,YJR015W
YJL025W,YGR218W,YDR067C,YNL331C
YBL058W,YOL004W,YGR210C,YHR004C
YKL082C,YGL183C,YER164W,YLR457C
YCR022C,YDR292C,YLR452C,YAL036C
YHR206W,YKL160W,YGR130C,YMR300C
YOR298C-A,YOL058W,YDR438W,YLR072W
YNL188W,YER145C,YOR320C,YNL225C
YHR082C,YGR040W,YOR056C,YOL151W
YEL008W,YER159C,YOR179C,YNL204C
YHL002W,YDR155C,YHL023C,YNL339C
YPR193C,YPL057C,YPL188W,YIL024C
YPR145W,YDR127W,YMR135C,YEL016C
YOR116C,YKL065C,YER005W,YNL113W
YGL208W,YDL193W,YER184C,YDR233C
YNR030W,YER092W,YLR113W,YPR129W
YGL144C,YLR247C,YHR025W,YOL130W
YIL162W,YNL313C,YMR140W,YJL070C
YJL088W,YNL140C,YJL045W,YOR211C
YDR469W,YPL126W,YKR087C,YHR216W
YLR192C,YJR138W,YGL186C,YDR021W
YFR018C,YIL131C,YAL013W,YJR125C
YER082C,YCR037C,YKL076C,YCR045C
YKR065C,YJR019C,YBR108W,YOR004W
YDL171C,Q0250,YOR081C,YOL090W
YJL106W,YOR263C,YOL059W,YKL198C
YCL039W,YEL056W,YPL195W,YDR189W
YBL038W,YIL098C,YKL185W,YOR043W
YLR079W,YHR201C,YJR101W,YML032C
YOR181W,YPL127C,YCL054W,YMR229C
YMR276W,YBR245C,YKL205W,YOR250C
YDL206W,YMR317W,YGR105W,YLR333C
YDR017C,YBR055C,YKL062W,YLR051C
YOR214C,YOR104W,YJR133W,YOR109W
YEL063C,YPR020W,YMR323W,YLR171W
YOL145C,YBR274W,YOR037W,YKL210W
YOR279C,YOR272W,YNL280C,YPL094C
YGR192C,YGR149W,YDR522C,YGR243W
YCR047C,YOL065C,YDR290W,YBR043C
YPR105C,YLR121C,YOL115W,YOR001W
YNR029C,YBR145W,YOL002C,YNL062C
YHR156C,YDL240W,YDR388W,YNL020C
YOR380W,YGL006W,YMR109W,YIL021W
YNR056C,YJR051W,YER040W,YAL016W
YDR435C,YOR101W,YNL261W,YLR233C
YIL064W,YLL002W,YBL106C,YKL054C
YCL024W,YBR185C,YBL024W,YER149C
YGR113W,YBR093C,YOR384W,YDR524C
YLR056W,YLR006C,YLR255C,YOL128C
YHR103W,YKL073W,YOR023C,YLR034C
YBR180W,YFL065C,YNL304W,YDL139C
R0030W,YJL209W,YJL060W,YJR043C
YKL145W,YKL224C,YDL188C,YLR019W
YKR082W,YPL169C,YLR190W,YIL038C
YKL058W,YIL138C,YOR188W,YDL019C
YNR017W,YIL096C,YHR058C,YIL008W
YPR103W,YGR068C,YER142C,YPL153C
YOR226C,YFL055W,YDR039C,YNL105W
YGR263C,YDL007W,YDL012C,YGR222W
YGR221C,YPL251W,YKL022C,YDR196C
YOL064C,YBL036C,YLR080W,YLR465C
YGL150C,YPR081C,YGL239C,YJR110W
YMR108W,YJR097W,YOR100C,YPR154W
YDR216W,YEL002C,YDR045C,YGR161W-B
YDL087C,YCR065W,YLR106C,YGR132C
YDL161W,YNR043W,YPR180W,YOR205C
YCL069W,YMR189W,YBL092W,YHR050W
YOR325W,YPL229W,YDR403W,YDL176W
YJR098C,YGL241W,YGR293C,YOL075C
YLR194C,YOR112W,YKL157W,YLL027W
YMR025W,YOR118W,YCR052W,YER143W
YPL166W,YOR053W,YMR069W,YER139C
YMR255W,YKL202W,YIL093C,YBR159W
YDR105C,YLR180W,YMR290C,YOR265W
YKL001C,YPR157W,YDR455C,YER150W
YER168C,YML028W,YDR068W,YDR071C
YJL043W,YHR001W,YKR058W,YKL165C
YNL171C,YLR222C,YDL047W,YIL128W
YAL015C,YBR175W,YHR081W,YMR287C
YKR066C,YNR032W,YDL134C,YGL127C
YDR386W,YNL103W,YMR048W,YLR240W
YML029W,YKL051W,YDR076W,YOL014W
YIR026C,YHR214W-A,YER060W-A,YHR065C
YLR057W,YLR351C,YKL112W,YPR123C
YDR254W,YMR139W,YNL309W,YDL117W
YPR132W,YGR262C,YNL147W,YMR240C
YPL064C,YLR363W-A,YHR032W,YDR324C
YBR197C,YLR202C,YGL170C,YJL122W
YKL025C,YHL020C,YOR307C,YLR439W
YML014W,YGR235C,YPR174C,YDL216C
YLR262C,YBL016W,YCR046C,YLL049W
YOR071C,YNL145W,YDR159W,YGL008C
YHR070W,YCL063W,YHR193C,YFL004W
YNL175C,YLR066W,YOR273C,YKR072C
YJL016W,YML081C-A,YNL321W,YDR538W
YLR142W,YCR087C-A,YER055C,YGL030W
YLR140W,YEL074W,YLR166C,YMR131C
YFL009W,YKR038C,YLR044C,YJL196C
YDR285W,YLR135W,YBR088C,YBL020W
YGL049C,YNL094W,YGL100W,YBR301W
YHR015W,YKL129C,YIL075C,YGR229C
YMR234W,YKL028W,YHR183W,YGR076C
YLR430W,YBR124W,YLR129W,YOR007C
YLR016C,YOL088C,YGR203W,YJL044C
YKL108W,YPL179W,YOR241W,YIL061C
YML062C,YMR096W,YMR197C,YER014W
YLR356W,YFL024C,YDL209C,YMR124W
YCL028W,YPL259C,YEL015W,YKL189W
YML104C,YOR142W-A,YHR190W,YOR122C
YHR118C,YLR216C,YBR155W,YDR091C
YKR061W,YCR053W,YOR308C,YNR026C
YBR287W,YJR091C,YGR199W,YCR086W
YOR375C,YIL048W,YNL236W,YDR261W-B
YDR128W,YPL272C,YGR202C,YGL263W
YDR422C,YPR152C,YBR277C,YDR454C
YBR069C,YGL157W,YIL132C,YHR053C
YDR389W,YGR036C,YLR313C,YIL020C
YOL095C,YGL156W,YNR008W,YPR008W
YGL226C-A,YCL073C,YDR118W,YGR174C
YKL034W,YGL207W,YGR081C,YCL049C
YFR017C,YBR157C,YLR099C,YLR248W
YLR378C,YPR030W,YBR094W,YIL115C
YBL008W,YGR215W,YPL077C,YER064C
YAR042W,YMR280C,YDR526C,YLR226W
YLR352W,YKL107W,YJL100W,YDR333C
YNL148C,YLR285W,YHR011W,YAR035W
YBL061C,YJR021C,YKL204W,YBR056W
YDR440W,YGL090W,YAR002C-A,YIL034C
YLR289W,YDL157C,YDL212W,YOR334W
YLR065C,YPR124W,YFR046C,YMR119W
YOR172W,YIL139C,YNL035C,YLR410W-B
YKR099W,YER167W,YOR029W,YJR154W
YOR299W,YBL015W,YNL058C,YLR070C
YLR304C,YBL040C,YDR010C,YCL048W
YDL112W,YDR428C,YNL065W,YGR075C
YOR231W,YJR002W,YGL032C,YKR008W
YNL219C,YGR134W,YBR177C,YLR346C
YOL146W,YPL116W,YLL022C,YIL023C
YJL142C,YKL109W,YAL011W,YGR254W
YDL028C,YPL234C,YDR500C,YOR266W
YOR086C,YGL083W,YJL075C,YHR205W
YLR268W,YPR094W,YGR139W,YNL039W
YOR359W,YOR270C,YLR334C,YPL025C
YPL161C,YAL005C,YDL221W,YNL070W
YPR203W,YDR441C,YGL081W,YBL039C
YOR042W,YBR226C,YGR160W,YLR127C
YHL008C,YHR174W,YKL008C,YDL106C
YDL156W,YOR097C,YDR464W,YDR345C
YDR072C,YBL097W,YPR095C,YLL067W-A
YCL056C,YNL235C,YER120W,YKR006C
YHL019C,YIL150C,YOR339C,YHR106W
YOR285W,YOR264W,YGR116W,YMR282C
YGL074C,YHR036W,YEL049W,YGL132W
YLR038C,YML009C,YOR227W,YDR028C
YGR091W,YFL014W,YMR230W,YOR221C
YHR062C,YAR073W,YMR047C,YBL113C
YJL072C,YMR078C,YMR033W,YOR174W
YDR311W,YAR033W,YNR050C,YBR011C
YCL059C,YPL037C,YOR385W,YDR307W
YDR370C,YJL166W,YNL284C,YHR124W
YNL091W,YKR089C,YML010W,YAR071W
YJL202C,YNL019C,YJR083C,YDR103W
YJL048C,YDR186C,YDR452W,YIR042C
YER036C,YLR330W,YER008C,YIL130W
YNL295W,YML117W,YIL152W,YMR203W
YGR255C,YCL008C,YLR409C,YPL108W
YHL010C,YGL149W,YCR004C,YNL333W
YGL097W,YGR031W,YJR024C,YLL003W
YPL242C,YOL024W,YCL036W,YLR082C
YMR001C,YKL180W,YGL075C,YMR221C
YDL172C,YPR178W,YGR143W,YPL092W
YPL059W,YPR167C,YJR016C,YOR229W
YIL110W,YMR186W,YMR088C,YGL166W
YPL011C,YDL060W,YDR273W,YLR320W
YGR217W,YBR125C,YMR319C,YGL112C
YDL089W,YLR120C,YDR498C,YOR366W
YDR236C,YNL202W,YJL201W,YHR136C
YGL079W,YGR245C,YPR054W,YDR530C
YLR234W,YNL021W,YLR153C,YKR079C
YGR177C,YDL130W,YGR085C,YCR087W
YOR338W,YNL071W,YLR104W,YPL090C
YPL200W,YLL012W,YLR058C,YOR288C
YKR060W,YLR085C,YLR220W,YER078C
YOL143C,YOR063W,YCL010C,YBR034C
YIL013C,YMR063W,YJR056C,YDR060W
YJR120W,YGR266W,YPL097W,YLR344W
YPR137C-A,YEL020W-A,YGR191W,YDR074W
YBL053W,YCR050C,YBR227C,YHR196W
YDL199C,YDR351W,YAL018C,YOR333C
YDL072C,YEL061C,YMR247C,YNL006W
YKL057C,YPL111W,YJR066W,YOR275C
YOR356W,YOR191W,YMR103C,YPL174C
YGL122C,YDL226C,YDR055W,YJL164C
YGR021W,YDR529C,YML069W,YDR212W
YOR284W,YGR020C,YPR019W,YOR239W
YHL042W,YMR269W,YDL149W,YDL241W
YPL213W,YPL224C,YOR178C,YOL100W
YLR350W,YBR105C,YAL043C,YLR096W
YPL255W,YER165W,YLR322W,YOR274W
YJL146W,YNL277W,YBR218C,YJL061W
YOR392W,YPR108W,YGR182C,YKL104C
YFL036W,YDR063W,YPL101W,YNL218W
YGL148W,YNL314W,YKL072W,YDR517W
YHL006C,YDR062W,YLL030C,YBR131W
YDL051W,YNL128W,YAL022C,YJL157C
YPL257W-B,YHR188C,YKL219W,YDL053C
YNL229C,YBR279W,YLR420W,YJR012C
YBR021W,YDL189W,YDR407C,YJR157W
YJL074C,YPL132W,YCR005C,YJL211C
YEL057C,YDR126W,YLR130C,YBR070C
YBR276C,YGL189C,YGR070W,YLR063W
YLR329W,YNR006W,YDL183C,YCR011C
YBR102C,YJR008W,YGL205W,YAL029C
YDR316W,YCR012W,YPL001W,YDR162C
YER161C,YIL154C,YNL251C,YBR260C
YER086W,YJL031C,YDR221W,YKR064W
YEL055C,YER018C,YLR067C,YIL104C
YOR259C,YHR038W,YGR018C,YGL005C
YDR368W,YPR176C,YMR002W,YOR244W
YNL159C,YLR088W,YJL174W,YKL018W
YIL009W,YLR429W,YDR298C,YJL042W
YLR355C,YNL024C,YDL065C,YJL087C
YLR002C,YML064C,YJL163C,YGL106W
YER026C,YPL162C,YLR132C,YJL081C
YIL077C,YCR030C,YOR341W,YMR171C
YLR297W,YDL066W,YOL093W,YMR094W
YKL004W,YOL068C,YMR215W,YOL103W
YGR117C,YKL007W,YMR155W,YAL066W
YDL095W,YNL038W,YFL029C,YMR116C
YBL005W-B,YBR252W,YAL035W,YIL068C
YDR415C,YNL102W,YDR261W-A,YER166W
YIL172C,YNL271C,YLR393W,YJR146W
YDR253C,YCL042W,YJR089W,YFL017W-A
YEL039C,YAL010C,YMR106C,YBR296C
YNL007C,YKR093W,YNR007C,YPR036W
YBR267W,YOR059C,YHR090C,YBL089W
YPL172C,YDR056C,YJR035W,YPR148C
YOR230W,YGR240C,YLR012C,YJR140C
YMR058W,YGL068W,YOR233W,YML120C
YJR158W,YAR002W,YER124C,YIR017C
YDL128W,YKL090W,YBR262C,YIL151C
YBR235W,YLR036C,YCR092C,YDR024W
YPR005C,YER032W,YPR003C,YMR244W
YKL183W,YNL239W,YBR295W,YGL190C
YDR167W,YDR419W,YCR099C,YGL017W
YJL108C,YNL142W,YGL110C,YKL161C
YJR124C,YER181C,YLR436C,YMR158W
YIL084C,YDL002C,YOR120W,YMR292W
YOL154W,YLR033W,YKR073C,YHR132C
YMR150C,YDL077C,YGR171C,YNL300W
YDR507C,YPL091W,YER073W,YNR045W
YHL030W,YLR090W,YBR106W,YLR146C
YJL222W-B,YIL169C,YBR077C,YGR264C
YKL099C,YDL154W,YLR261C,YPL130W
YPR160W,YPR063C,YEL053C,YNR059W
YOL094C,YLR413W,YDR225W,YLR399C
YGL111W,YBL031W,YDR086C,YDL185W
YGL060W,YGR233C,YJR042W,YBR103W
YDR446W,YGL070C,YJR141W,YNL217W
YPL201C,YKL067W,YLR042C,YBR130C
YLR301W,YDR359C,YOR078W,YML116W
YLR292C,YLR281C,YBR161W,YOR154W
YAL053W,YAR019C,YMR031W-A,YBL026W
YDR369C,YHR074W,YGL022W,YLR387C
YKL127W,YDR414C,YKL218C,YOR258W
YNL232W,YDR477W,YDR269C,YLR453C
YIR021W,YJL069C,YPL110C,YOL087C
YKL088W,YHR170W,YJR028W,YDR322C-A
YDR430C,YHR105W,YIL166C,YFL033C
YPR067W,YJL194W,YML078W,YJL055W
YGR291C,YLR175W,YJL065C,YGR225W
YGR246C,YLR321C,YLL018C,YGL043W
YJL200C,YGR154C,YML125C,YDR113C
YGL001C,YKR028W,YNL127W,YDR005C
YFR012W,YIL025C,YNL265C,YLR377C
YBR064W,YDL210W,YBR040W,YPL203W
YGL137W,YJL029C,YGL028C,YBL017C
YNL155W,YGL185C,YBR176W,YDR129C
YJR040W,YJR080C,YLR191W,YKL139W
YMR149W,YKL048C,YBR028C,YEL023C
YPL053C,YJL079C,YLR131C,YHL009C
YAL040C,YGR175C,YGR083C,YOL077C
YKL167C,YNL243W,YDR501W,YML036W
YNL248C,YPR006C,YPR149W,YOR295W
YLR425W,YGR094W,YJL064W,YJR011C
YNL311C,YGR058W,YPL266W,YBL037W
YBR038W,YKL168C,YJR079W,YDR140W
YER131W,YER009W,YML059C,YMR267W
YMR075W,YLR097C,YML088W,YML054C
YJL098W,YDR404C,YJR050W,YBL002W
YKL020C,YDL003W,YLR442C,YOR080W
YML095C,YJR004C,YHR033W,YKR078W
YOR123C,YNL133C,YLR158C,YEL047C
YDR528W,YOR300W,YDL113C,YER061C
YPR088C,YML110C,YDR516C,YER091C
YOR093C,YMR222C,YMR211W,YHR094C
YHL049C,YJL180C,YDL029W,YJL140W
YKL075C,YDR520C,YPL119C,YGL210W
YPR035W,YNR067C,YJL090C,YAL004W
YKL186C,YIL011W,YPL107W,YLR178C
YPR014C,YDL046W,YGL197W,YCR014C
YIR005W,YKL113C,YOR225W,YGL173C
YJL125C,YJL179W,YOR370C,YNL124W
YLR009W,YJL172W,YMR049C,YJR052W
YBR058C,YPR163C,YER113C,YCL043C
YJR034W,YPL045W,YDR416W,YLR164W
YJR130C,YOR160W,YHR163W,YLR359W
YOR303W,YBL041W,YFR038W,YLR224W
YOL110W,YKL163W,YPR055W,YGR280C
YOR293W,YPR078C,YOR377W,YLR311C
YDR031W,YNL306W,YKL103C,YGL119W
YGL064C,YDR286C,YGR148C,YBR134W
YIL059C,YEL059W,YLR010C,YBR204C
YGR078C,YCL027W,YMR022W,YFL002C
YMR297W,YHR002W,YDR367W,YJR132W
YGL093W,YNL183C,YBL094C,YGL154C
YNR031C,YMR274C,YFR032C,YGR292W
YLL034C,YNL099C,YLR438W,YDR100W
YGR239C,YLR395C,YFL013C,YJL050W
YML043C,YBR173C,YDR297W,YIL079C
YPR016C,YKL086W,YPL238C,YBR251W
YPR045C,YGR197C,YPR051W,YDR265W
YKR071C,YJL131C,YOR304W,YMR117C
YKR052C,YMR260C,YER147C,YDR284C
YOR164C,YOR379C,YER112W,YDL105W
YOR383C,YLR007W,YDR429C,YDR044W
YIR011C,YAL017W,YKL137W,YGR087C
YNL289W,YFR043C,YHL033C,YDR453C
YAR008W,YJR027W,YDR200C,YNR013C
YHR099W,YMR160W,YGR200C,YHR117W
YDL050C,YKR017C,YLR242C,YOL116W
YGL053W,YOL061W,YPL211W,YDL098C
YDL115C,YBR007C,YBL085W,YLR389C
YPL063W,YOR061W,YER174C,YER076C
YGR161C-D,YDR512C,YDR217C,YCR100C
YMR288W,YJR148W,YNL086W,YFL034C-B
YOR036W,YML082W,YLR373C,YJR063W
YOL054W,YML121W,YER037W,YNL315C
YGL162W,YBL007C,YDR183W,YNL197C
YNL153C,YNL002C,YGL206C,Q0080
YGR284C,YOR297C,YLL040C,YBR289W
YOR189W,YBR129C,YKR046C,YMR038C
YOR089C,YDR314C,Q0275,YOR115C
YHL018W,YLR403W,YHR199C,YER125W
YOR254C,YPR073C,YLR318W,YPL065W
YOR336W,YGL010W,YKL159C,YMR162C
YOR132W,YJL024C,YPL280W,YKR086W
YJL082W,YDR095C,YLR055C,YBR149W
YLR259C,YDR099W,YGR294W,YMR293C
YJR090C,YPL113C,YPR052C,YPR177C
YOL010W,YPR125W,YBR172C,YKL144C
YGR256W,YOR362C,YOL137W,YPR010C
YHR031C,YPR172W,YDR513W,YGR166W
YMR035W,YJL068C,YML042W,YEL051W
YMR039C,YPL269W,YGL024W,YLR176C
YJR057W,YLR316C,YNL109W,YBR096W
YMR273C,YDR002W,YDR001C,YLR390W
YPL227C,YLR370C,YIL070C,YJR033C
YBR010W,YKL164C,YHR148W,YNL015W
YOL017W,YAL048C,YJR006W,YOR321W
YMR024W,YNL205C,YGL213C,YBL027W
YDR332W,YOR083W,YGR180C,YBL090W
YER172C,YKL138C,YBR006W,YDR238C
YDL026W,YLL011W,YKL220C,YPR083W
YHR051W,YBR233W,YKL038W,YPL183W-A
YDR007W,YIL092W,YBR138C,YPL134C
YLR102C,YAL025C,YGR260W,YNL161W
YNL116W,YPL046C,YGR013W,YFL003C
YER044C,YBR023C,YCL051W,YLR075W
YGR079W,YJR102C,YBR066C,YAR027W
YBR067C,YGL143C,YNL082W,YDR363W-A
YLR401C,YNL215W,YNL013C,YEL012W
YMR123W,YLR319C,YER021W,YLL062C
YNL129W,YNL101W,YNL110C,YNL301C
YOR368W,YBL078C,YCR057C,YDR431W
YJR029W,YOL082W,YMR142C,YGL202W
YPR040W,YGL069C,YBR265W,YJR116W
YMR100W,YCR001W,YMR061W,YOR129C
YNL326C,YMR227C,YMR181C,YCL037C
YLL054C,YCR010C,YOL142W,YJR055W
YGL026C,YJR112W,YOR251C,YBL107C
YER079W,YPR070W,YOL126C,YJR103W
YDR312W,YAL054C,YJL008C,YHR137W
YPL160W,YCR079W,YPL048W,YML123C
YHR144C,YDR353W,YMR233W,YDL186W
YHL016C,YNL016W,YBL019W,YJR149W
YDR111C,YNL146W,YOR177C,YLR459W
YDR263C,YAR066W,YPL210C,YLR358C
YFL056C,YNL288W,YOR358W,YPR191W
YAL067C,YGL163C,YOR057W,YLR134W
YLR314C,YHR019C,YNL074C,YDL096C
YMR257C,YIL031W,YER160C,YJL178C
YOL028C,YKL116C,YOL112W,YNL176C
YDR206W,YLR231C,YLR277C,YOL132W
YGR228W,YOR213C,YMR032W,YKL079W
YLR119W,YJR068W,YML056C,YKL201C
YMR071C,YGL057C,YJL014W,YIR001C
YKL009W,YPL175W,YDR268W,YFL066C
YNL092W,YIL044C,YMR018W,YIL113W
YBR198C,YMR210W,YPL088W,YER035W
YMR141C,YDR318W,YLR238W,YGR186W
YBL103C,YER095W,YDL088C,YNR064C
YEL011W,YIR036C,YNL001W,YNL273W
YHR111W,YLR050C,YCL038C,YOL103W-B
YPR107C,YML085C,YLR461W,Q0130
YOR095C,YBR225W,YDR398W,YOR158W
YLR151C,YML051W,YML094C-A,YLR418C
YGR065C,YBR146W,YJR162C,YFL059W
YJL155C,YFL061W,YGL216W,YPR128C
YIL022W,YLR081W,YML053C,YGL250W
YLL013C,YPL171C,YLR053C,YHL032C
YLR049C,YDR158W,YPL085W,YLR147C
YER105C,YBR160W,YDL100C,YLR433C
YLR446W,YKR011C,YGL115W,YDR439W
YLR237W,YMR223W,YHR049W,YKL017C
YCR036W,YDR252W,YMR151W,YCR098C
YDR151C,YGR006W,YHR208W,YLR197W
YOR378W,YGR107W,YPR156C,YGL065C
YJR119C,YHL044W,YHR172W,YMR134W
YGL040C,YOR143C,YMR206W,YLR315W
YGR010W,YDR499W,YJL110C,YNL216W
YOR276W,YMR052W,YIR033W,YPR018W
YNL224C,YEL071W,YGR024C,YIL030C
YNL158W,YIL078W,YGL058W,YOR207C
YGL025C,YMR157C,YGL126W,YHL015W
YNR055C,YOL066C,YNL320W,YJL139C
YPL177C,YDL124W,YDR308C,YOR217W
YJL085W,YIL125W,YOL159C,YBL018C
YML112W,YGL246C,YDR082W,YML109W
YNL036W,YER138C,YDR357C,YBR015C
YLR390W-A,YLR323C,YOR198C,YGL258W
YDR406W,YEL066W,YNR004W,YLR462W
YFR049W,YKL172W,YPL020C,YFR042W
YOL101C,YGL063W,YML023C,YLR207W
YNL009W,YPR074C,YJR134C,YBR013C
YDL217C,YNL122C,YDR509W,YDL166C
YDL080C,YMR159C,YKL179C,YCR039C
YJR045C,YOR064C,YLR163C,YPL235W
YPR111W,YHR171W,YLR349W,YJL181W
YBL022C,YLR339C,YER070W,YBR101C
YIL109C,YBR242W,YDL022W,YOR324C
YBR186W,YEL017W,YPR041W,YIL159W
YEL027W,YDL110C,YEL068C,YHL034C
YDR322W,YLR299W,YJL149W,YOR371C
YER077C,YGR055W,YGR047C,YEL060C
YEL017C-A,YER004W,YOR079C,YDL008W
YAL002W,YPL128C,YDL108W,YFR057W
YJL094C,YCR081W,YOL005C,YDR077W
YKL176C,YNL308C,YHR042W,YHR214C-B
YKR075C,YMR021C,YLR266C,YLL023C
YML067C,YNR036C,YDL236W,YJR017C
YBR248C,YOL099C,YMR011W,YPL024W
YML057W,YCR067C,YAL003W,YBR044C
YFL008W,YGR088W,YMR097C,YOR048C
YHR027C,YBR293W,YGL172W,YKL021C
YHR023W,YFR021W,YAL027W,YBR170C
YPR144C,YNL327W,YHR164C,YJR126C
YKL211C,YNL165W,YBR109C,YHR191C
YPL194W,YIL091C,YJR005W,YER179W
YIL112W,YML061C,YML079W,YNR046W
YDL081C,YMR114C,YGL236C,YGR249W
YOL105C,YCR059C,YDR259C,YDL036C
YMR304W,YBR090C,YFL023W,YLR008C
YER155C,YDL023C,YDR205W,YPL133C
YHR142W,YDL202W,YNL008C,YCL044C
YGR170W,YGL016W,YMR077C,YLR449W
YDR034C,YKL171W,YFR033C,YHR143W-A
YNL160W,YLR305C,YGR277C,YPL005W
YDL214C,YNL068C,YCL018W,YGL021W
YBR033W,YNL213C,YBR192W,YKL049C
YBR049C,YML015C,YDL085W,YDR018C
YMR228W,YDL116W,YFR040W,YNL076W
YCL014W,YIL076W,YDR413C,YPR126C
YPR155C,YKR027W,YGL155W,YOR388C
YER115C,YNL154C,YJR047C,YGR252W
YML048W,YBR229C,YHR115C,YOR045W
YDR347W,YBR199W,YLR340W,YKL174C
YKL142W,YGR050C,YMR202W,YDL043C
YJR014W,YER089C,YJL195C,YDR449C
YJL078C,YKR016W,YLR256W-A,YPL029W
YDR505C,YFL012W,YOR246C,YGL174W
YBR036C,YMR154C,YIR039C,YLR326W
YBR214W,YDR087C,YFL031W,YNL061W
YMR183C,YNL272C,YOR363C,YJL191W
YPR115W,YHR152W,YER056C,YKL153W
YGR045C,YFL011W,YBR255W,YCR023C
YMR086W,YLR335W,YPL095C,YJL023C
YGL141W,YCL017C,YIL074C,YLR124W
YPR201W,YLR228C,YGL142C,YBR188C
YIR006C,YGL204C,YNL292W,YPR062W
YNL135C,YOL031C,YNL004W,YHR060W
YFR016C,YIL094C,YPL068C,YKR037C
YGR128C,YOL036W,YMR311C,YBR076W
YDR320C,YJL005W,YKL044W,YBR109W-A
YPL147W,YNL104C,YGR185C,YIL041W
YHL036W,YJR082C,YIR031C,YOL081W
YGR066C,YKL074C,YPR182W,YOL118C
YHR207C,YIL063C,YKR077W,YGR140W
YPL032C,YLR213C,YPR033C,YLR415C
YAR007C,YGR285C,YFL042C,YHR165C
YBR142W,YDR304C,YOR144C,YGL105W
YJL066C,YFL001W,YER059W,YGR234W
YMR308C,YDL052C,YNL169C,YJL084C
YBL112C,YMR072W,YJR048W,YJR010W
YNL084C,YHR168W,YBR098W,YOR282W
YGR270W,YJR106W,YDR531W,YML030W
YIL173W,YIL095W,YNL316C,YDR271C
YML075C,YDR040C,YPL012W,YNL027W
YHL001W,YJL115W,YFL067W,YNL163C
YOR165W,YDR276C,YER171W,YHR073W
YJL120W,YNL047C,YLR114C,YIR002C
YPR034W,YOR010C,YHL005C,YGL187C
YEL048C,YPR198W,YNL005C,YBR059C
YBL063W,YLR450W,YOR050C,YIL156W
YOR345C,YDR243C,YMR250W,YBL021C
YPR042C,YGR159C,YCL009C,YIL016W
YJL001W,YIL035C,YOR107W,YGR003W
YDR228C,YNL324W,YPL112C,YML097C
YJL182C,YHR069C,YOR185C,YPL109C
YDL001W,YFL038C,YLL009C,YGR072W
YGR063C,YHR018C,YHR052W,YHR107C
YJR077C,YLR203C,YPR122W,YNR011C
YHR178W,YPL028W,YLR357W,YLR291C
YMR305C,YGL234W,YJL063C,YLL031C
YIL134W,YMR036C,YIR032C,YOR305W
YGR098C,YLR410W,YER186C,YNR024W
YER065C,YHR045W,YLR287C,YBL033C
YOL097C,YAL064W,YOL044W,YIL141W
YDR384C,YDR362C,YDL086W,YFR014C
YFL041W,YGR080W,YKL141W,YKR023W
YMR066W,YOR197W,YPL150W,YGR124W
YDR079C-A,YPL104W,YLR218C,YDL126C
YBR014C,YEL026W,YNL210W,YOR016C
YBR074W,YOR156C,YPR032W,YJR117W
YLR210W,YPL114W,YOR202W,YER033C
YPL228W,YOR128C,YHR035W,YDR168W
YOL107W,YNR054C,YKL056C,YJL056C
YML106W,YGL013C,YGL087C,YDL070W
YHR187W,YGR194C,YLR186W,YLR338W
YOR314W,YDR423C,YOR026W,YNR012W
YGR207C,YER101C,YOL069W,YDL031W
YKL055C,YJL109C,YPR181C,YHR215W
YML093W,YBR250W,YBL086C,YOR062C
YKL133C,YPR141C,YNL264C,YOR155C
YDR380W,YER069W,YDL148C,YOR133W
YPR110C,YOL041C,YER118C,YHL039W
YDR462W,YLR116W,YOR070C,YHR028C
YCR044C,YOR354C,YML013W,YLL029W
YCL032W,YMR008C,YBR085W,YDL014W
YDL223C,YDR301W,YDR275W,YEL021W
YGL167C,YLR227C,YLR454W,YGL168W
YGL249W,YFL050C,YDL145C,YFL025C
YJL062W,YKL214C,YER001W,YHR064C
YGR274C,YLR306W,YOR204W,YJL189W
YOR046C,YCR042C,YDR050C,YBR126C
YFL052W,YGR048W,YDR016C,YDR245W
YFR034C,YBR132C,YNL227C,YMR270C
YDR102C,YJR025C,YPL052W,YER027C
YDR533C,YLR337C,YNL231C,YFL047W
YBR182C,YHR084W,YDL125C,YJL013C
YGL086W,YOL019W,YIL042C,YDR327W
YLL048C,YER041W,YBR118W,YEL075C
YLR206W,YDL090C,YGR153W,YGR064W
YDR378C,YDL180W,YGL259W,YJR038C
YBR057C,YMR298W,YLR149C,YOR146W
YGL084C,YBR060C,YHR108W,YDR093W
YDR497C,YDL024C,YGR208W,YML074C
YJR092W,YNL253W,YML103C,YMR216C
YDR266C,YER107C,YMR003W,YIL121W
YGR238C,YER159C-A,YHR007C,YJR030C
YDL159W-A,YIL177C,YBR278W,YGR073C
YNL334C,YER051W,YBR163W,YKL040C
YLR239C,YMR004W,YDR361C,YOR387C
YER158C,YGL045W,YPL233W,YDR346C
YOR346W,YLR031W,YGL221C,YLR448W
YDL173W,YNL221C,YNR002C,YLL061W
YGR214W,YJL154C,YMR299C,YOR373W
YPR049C,YER182W,YGR114C,YGR145W
YLL056C,YGL104C,YHL024W,YPL164C
YCR021C,YGR054W,YIL117C,YHR098C
YDL160C,YBR247C,YKL222C,YPL010W
YDR443C,YKR085C,YER110C,YKR007W
YDR394W,YKR051W,YKR026C,YNL211C
YKL077W,YLR381W,YJL137C,YBR158W
YFL010W-A,YMR178W,YDR141C,YLR118C
YOL001W,YOR175C,YNL090W,YER136W
YOL013C,YDR214W,YPL089C,YPR075C
YHR072W-A,YDR309C,YMR307W,YJL097W
YLR361C,YER087C-B,YGR067C,YDR534C
YMR013C,YJL143W,YLR371W,YBL066C
YKL195W,YDL230W,YJL208C,YOR393W
YBR187W,YJL185C,YDR281C,YLR271W
YKL182W,YNL242W,YKL124W,YAL021C
YBR107C,YPL002C,YBR290W,YNL252C
YOR206W,YHR072W,YML025C,YOL046C
YNL233W,YBL071C,YGL003C,YDL055C
YPL178W,YFR044C,YLR046C,YER178W
YDL233W,YOR108W,YJL067W,YNL166C
YER017C,YEL036C,YDR339C,YJL096W
YJL156C,YJR076C,YGR155W,YNR074C
YLL033W,YBR112C,YPL067C,YKL087C
YMR092C,YOR125C,YPL031C,YML072C
YHR079C,YFR009W,YHR005C,YKL196C
YHR123W,YNL181W,YDL103C,YHL029C
YCR101C,YMR285C,YMR275C,YOR114W
YLR105C,YKR091W,YDL133W,YER052C
YKR040C,YMR156C,YOL152W,YDR527W
YNL234W,YBL105C,YBR162W-A,YFL027C
YML101C,YLL041C,YMR076C,YFL051C
YDL017W,YDR335W,YGR009C,YPL241C
YER038C,YPR112C,YER015W,YBR243C
YIL019W,YLR365W,YJL080C,YLR441C
YMR204C,YDR256C,YOR232W,YDR348C
YOL129W,YFL028C,YDR026C,YPL253C
YLR423C,YCL004W,YPL049C,YGR211W
YKR063C,YDR006C,YML049C,YOL052C
YLR087C,YOL086C,YKR055W,YGL130W
YHL035C,YFR052W,YMR153W,YDR170W-A
YFR045W,YNL307C,YML092C,YGL059W
YDR145W,YDL004W,YNL212W,YER003C
YDR383C,YKL052C,YGL113W,YDR317W
YLL051C,YML108W,YPL022W,YDL165W
YHL021C,YOL133W,YAR003W,YNR016C
YGR049W,YKR088C,YBL046W,YBR280C
YHR200W,YMR014W,YLR309C,YIL105C
YNL056W,YHL014C,YHR197W,YHR003C
YDL248W,YAL038W,YPL082C,YOR011W
YNL046W,YOR111W,YDR260C,YNR072W
YBR027C,YNL255C,YDL179W,YML060W
YBR203W,YER029C,YLR432W,YBR039W
YEL072W,YEL043W,YDR364C,YIL039W
YNR033W,YLR366W,YOR381W,YKL085W
YOR329C,YJL057C,YBR168W,YML105C
YKR024C,YHR076W,YMR291W,YOR242C
YDR300C,YOL140W,YBL052C,YPR194C
YLR440C,YKL125W,YNL244C,YOL127W
YJL047C,YLL036C,YOL150C,YIL057C
YPL208W,YMR118C,YDR506C,YIL163C
YDR213W,YPL222W,YCR097W,YHR119W
YDR081C,YGR111W,YDL243C,YBL025W
YKL006C-A,YGR138C,YJL219W,YOR075W
YER013W,YNL282W,YIL106W,YGR232W
YLR275W,YHR166C,YIL120W,YLR037C
YEL031W,YMR028W,YDR295C,YAL007C
YMR213W,YHR100C,YDL201W,YDL219W
YDL178W,YMR201C,YPR165W,YDR274C
YLR426W,YHL011C,YML114C,YKR002W
YNL138W,YAL012W,YDL208W,YBL001C
YJL159W,YMR261C,YER098W,YLR071C
YHR022C,YKL193C,YGL165C,YLR308W
YNL042W,YGR136W,YDR392W,YNR009W
YGR046W,YLR345W,YGR126W,YGR032W
YOL016C,YDL025C,YPR120C,YMR279C
YHR020W,YGR216C,YMR180C,YOL018C
YBR122C,YMR132C,YDR514C,YGR227W
YOR196C,YGR119C,YOR364W,YKL148C
YKL140W,YNL041C,YPR137W,YKR083C
YPL256C,YCL019W,YNL064C,YBR237W
YHR134W,YOR038C,YHR030C,YOR219C
YBL010C,YIL126W,YJR095W,YHR204W
YDR229W,YHR088W,YMR120C,YGL077C
YDR165W,YJL215C,YGR267C,YNR066C
YER099C,YJR003C,YBR121C,YGR279C
YIR014W,YHR169W,YJL033W,YPL076W
YIR023W,YEL032W,YLR386W,YGL201C
YGR179C,YGR204W,YML019W,YNL098C
YDL195W,YGR120C,YBR212W,YHR128W
YKL221W,YMR112C,YBL042C,YOR051C
YDL104C,YGL036W,YKL019W,YDR432W
YMR312W,YHR127W,YOL039W,YJL138C
YGR102C,YNL173C,YKL117W,YDR194C
YGR052W,YDL040C,YDR373W,YOR176W
YOR367W,YJL165C,YOL022C,YCL064C
YNL012W,YNL279W,YPL137C,YLL001W
YER047C,YFL049W,YCL020W,YIL097W
YJL099W,YMR056C,YBR162C,YDR150W
YDR315C,YOL085C,YDL231C,YOL009C
YGR295C,YLR076C,YJR152W,YLR211C
YNL281W,YBR156C,YNR052C,YNL237W
YPL271W,YLR182W,YGR162W,YDR400W
YDR240C,YPR136C,YGL178W,YKR009C
YGR144W,YDL131W,YJL222W,YIR018W
YOR017W,YHR061C,YKR010C,YCL065W
YBR166C,YGL177W,YHR116W,YJR054W
YGR030C,YJR007W,YDR442W,YFR006W
YOR014W,YDR172W,YGR053C,YOR068C
YBR269C,YBR082C,YIR013C,YCR076C
YER084W,YKR074W,YBL034C,YPR011C
YFR029W,YNR063W,YOR351C,YGL161C
YDR115W,YPL023C,YML046W,YGL091C
YDR085C,YNL088W,YMR129W,YNL207W
YIL004C,YKR054C,YFR002W,YDR110W
YJL128C,YNL131W,YMR264W,YBR084W
YLR035C,YBR012C,YBR240C,YAL058W
YDR231C,YPR082C,YNL045W,YKL013C
YMR054W,YMR128W,YPL277C,YBR299W
YBR216C,YDL123W,YBR261C,YDR287W
YBR219C,YGL215W,YKL178C,YPL004C
YDR408C,YPL122C,YOR316C,YAL069W
YNL014W,YGR167W,YDR242W,YEL022W
YCR095C,YOL055C,YDR472W,YBL079W
YNL222W,YDR142C,YER169W,YPL125W
YLR098C,YBR008C,YGL214W,YNL029C
YML007W,YDR171W,YAL032C,YBL093C
YOR069W,YJR104C,YNL130C,YAL051W
YDR237W,YMR068W,YOL122C,YAL064W-B
YPL055C,YLR269C,YPL027W,YER023W
YOR201C,YDR270W,YGL037C,YNL157W
YLR258W,YMR095C,YNR051C,YPL258C
YDR174W,YMR235C,YFR027W,YJL091C
YLR183C,YBL051C,YPR047W,YNL100W
YOR271C,YIR004W,YIR028W,YOR121C
YLR276C,YKL130C,YBR236C,YGL158W
YKL194C,YMR207C,YFR019W,YGL039W
YOL139C,YGR002C,YIL135C,YLR368W
YDR483W,YEL050C,YPL247C,YBR275C
YJL170C,YLR336C,YLR312C,YBR089C-A
YDR536W,YMR102C,YBR201W,YDL213C
YDL035C,YCL040W,YMR179W,YPL170W
YMR030W,YCL045C,YIL051C,YLR435W
YHR143W,YLR398C,YLR143W,YKR014C
YPR134W,YHR056C,YOR073W,YHR024C
YDR219C,YOR327C,YLR455W,YKR069W
YKL070W,YJR084W,YOR171C,YJL190C
YOR208W,YBL035C,YKR092C,YOR298W
YNL284C-B,YLL019C,YJL114W,YBR208C
YGR187C,YML098W,YNL319W,YPR048W
YER162C,YJL012C,YOR039W,YDL111C
YGR041W,YER114C,YLR086W,YIL037C
YKL047W,YKR100C,YMR053C,YPL187W
YLR310C,YDL082W,YJR053W,YPL074W
YNL189W,YER066W,YOR348C,YNL044W
YPR113W,YJR074W,YNL003C,YBR270C
YNL223W,YBR024W,YOR159C,YOR153W
YOL106W,YDR146C,YOR260W,YOR195W
YDR226W,YEL003W,YLR030W,YAL056W
YDL084W,YPL136W,YMR043W,YIL026C
YPL007C,YDR096W,YLL038C,YPR190C
YDR279W,YFR001W,YPR175W,YHR041C
YPL196W,YOR084W,YNL048W,YNL172W
YMR044W,YMR182C,YGL050W,YPL156C
YPL250C,YER157W,YNL112W,YDL121C
YGR253C,YMR173W,YKR030W,YLR348C
YMR310C,YNL139C,YOR032C,YLR303W
YLR200W,YGR269W,YPL144W,YCR075C
YEL020C,YKR053C,YJR122W,YPL192C
YCL031C,YOL063C,YKL114C,YML027W
YMR057C,YKL191W,YGL192W,YFL026W
YMR168C,YBR143C,YHR161C,YGL012W
YDR342C,YOL042W,YPR138C,YBR288C
YDR148C,YIL086C,YKL069W,YMR079W
YGL051W,YGR095C,YNL262W,YMR029C
YDR459C,YNL246W,YOR209C,YDR463W
YPR185W,YDR188W,YFR010W,YFL007W
YHL043W,YGL066W,YLR100W,YDR079W
YMR232W,YDR042C,YDR502C,YDL232W
YNL025C,YPL158C,YOR141C,YMR165C
YGR289C,YKR095W,YCL034W,YCR072C
YJL135W,YBR200W,YPR101W,YMR309C
YLR060W,YJL218W,YER090W,YML111W
YKR067W,YDR215C,YEL037C,YML038C
YOR047C,YDR450W,YDL071C,Q0085
YNL260C,YNL141W,YLR284C,YCR061W
YER180C,YOR040W,YPR164W,YDR198C
YKL206C,YDR043C,YOR096W,YPR130C
YJR070C,YOL136C,YOR074C,YLL059C
YIR025W,YLR177W,YDL094C,YLR004C
YNR019W,YHR130C,YOL030W,YBR136W
YDL049C,YHL045W,YDL045C,YOL089C
YDL099W,YOR386W,YOL091W,YKL064W
YGL145W,YKL190W,YGR223C,YGL116W
YDL044C,YOL073C,YLR011W,YGR086C
YOL131W,YKR025W,YOR283W,YGL023C
YNL245C,YLR385C,YER119C,YBR284W
YOL050C,YER045C,YDR052C,YLR422W
YML129C,YBR179C,YNL063W,YKL110C
YDL155W,YML031W,YDR078C,YOR294W
YHR129C,YNL317W,YCL026C-A,YDL063C
YPL060W,YOL083W,YJL041W,YHR066W
YHR068W,YER019C-A,YPL138C,YDR054C
YLR252W,YCR073C,YKL026C,YPL135W
YGL117W,YER081W,YCR020C-A,YLR324W
YMR075C-A,YDR098C,YOL104C,YGR213C
YPR029C,YOR076C,YNL040W,YDL220C
YOR085W,YOR054C,YDR344C,YNR053C
YOL138C,YDR177W,YLL020C,YHR078W
YJR093C,YDR421W,YLR103C,YMR065W
YJR009C,YLR217W,YGL129C,YBR086C
YLR396C,YIL050W,YAR047C,YHR203C
YBL009W,YHR057C,YCR105W,YMR110C
YHR077C,YCR094W,YGL078C,YMR236W
YDL016C,YPL073C,YLR264W,YPR184W
YKR062W,YJL173C,YBR113W,YGL169W
YER173W,YOR249C,YKL170W,YHR005C-A
YFR030W,YMR019W,YJL141C,YDL061C
YKL098W,YLR028C,YNL125C,YLR167W
YGL048C,YJR139C,YIL018W,YJR020W
YBL082C,YDR250C,YPR037C,YKL029C
YOR058C,YPL236C,YDL102W,YBL065W
YAL062W,YIL045W,YCL033C,YBL029W
YLR294C,YDL045W-A,YOR349W,YJL197W
YNL259C,YGL095C,YOR147W,YBR065C
YPL249C-A,YOR222W,YGL247W,YMR055C
YDL137W,YNL250W,YDR037W,YMR104C
YIL072W,YHR091C,YJL129C,YNL152W
YPL131W,YLR347C,YDL167C,YLR145W
YDR313C,YNR010W,YAR069C,YGR077C
YJL086C,YLR394W,YNL206C,YHR086W
YPL018W,YBR171W,YJL058C,YMR226C
YDR496C,YBR114W,YHR039C-A,YEL042W
YBR019C,YGR121C,YGL042C,YDL218W
YMR145C,YKL208W,YBR140C,YMR188C
YDR306C,YGL052W,YLR126C,YGL018C
YGR060W,YMR265C,YHR147C,YDL132W
R0020C,YBR081C,YLL026W,YIL111W
YCR077C,YBR238C,YLR253W,YGR283C
YDR303C,YNL052W,YER006W,YCL050C
YOR136W,YOR157C,YML131W,YHR135C
YGL198W,YCL055W,YNL193W,YHL025W
YDR244W,YDR175C,YJR022W,YER058W
YER126C,YGL054C,YPL232W,YJL187C
YER088C,YFL040W,YFR022W,YBR058C-A
YOR302W,YLR027C,YBL047C,YLR342W
YGL011C,YOR151C,YDR310C,YFR007W
YBR135W,YML058W,YNL134C,YPR021C
YPR161C,YIR012W,YPL042C,YBR257W
YJR100C,YIL136W,YNL285W,YMR295C
YLR383W,YKL012W,YML119W,YER103W
YGL131C,YBR184W,YLR376C,YCR007C
YML102W,YKR049C,YHR067W,YNL107W
YOR034C,YKL192C,YDL192W,YAR028W
YAL001C,YGL194C,YMR243C,YLR141W
YJL193W,YGR257C,YPR179C,YJR087W
YPL047W,YFL017C,YBR139W,YJL102W
YJR060W,YCL057W,YPR007C,YPR072W
YLR148W,YKR018C,YOR009W,YOL078W
YNR028W,YNL138W-A,YER123W,YCR091W
YHR179W,YJL002C,YGR189C,YOL003C
YNL137C,YDR061W,YOR067C,YIR016W
YJL093C,YBL102W,YLR412W,YGL238W
YLR219W,YGL230C,YPL240C,YDR139C
YOR247W,YGR133W,YDR123C,YLR327C
YGR163W,YER093C,YDR399W,YKR001C
YPL118W,YNR075W,YPL217C,YGL171W
YOR098C,YHR180W,YMR091C,YOR352W
YDL041W,YJL214W,YGL038C,YGL235W
YCR034W,YPL003W,YML012W,YOR150W
YNL185C,YML022W,YOR315W,YML099C
YGR125W,YKR044W,YDR341C,YDR457W
YDL058W,YOL035C,YLR437C,YLR045C
YGR173W,YJL092W,YJL053W,YDR427W
YDR395W,YDR542W,YFL034W,YNL267W
YLL015W,YDR120C,YJL124C,YFL053W
YPL075W,YCL046W,YOR117W,YHR151C
YDR381W,YKL181W,YMR218C,YDL204W
YCR009C,YFL030W,YDR504C,YGR206W
YER153C,YNL178W,YLR154C,YNR005C
YER133W,YGR071C,YOR167C,YIL119C
YER129W,YGR231C,YHL017W,YOR003W
YDR289C,YNL287W,YJL152W,YBR202W
YDR104C,YLR223C,YDL181W,YER148W
YHR039C,YNL328C,YLR109W,YPL040C
YOL109W,YMR184W,YDR211W,YOR106W
YER087W,YER054C,YGL146C,YOL148C
YIL108W,YCR002C,YBL013W,YKR022C
YJR108W,YNL144C,YEL070W,YBR152W
YDL211C,YPL157W,YOR322C,YHR177W
YNL079C,YBR133C,YBR080C,YCR063W
YPL254W,YJR032W,YNL220W,YNL164C
YPL252C,YIL158W,YML115C,YBR169C
YDL118W,YDL091C,YBL080C,YLR039C
YJR159W,YKL043W,YNL121C,YDR027C
YPR046W,YDR132C,YPL083C,YBR220C
YPL264C,YGR275W,YBR037C,YOR286W
YMR026C,YMR133W,YPL124W,YLR018C
YBR097W,YJR099W,YHL050C,YMR303C
YIL001W,YML055W,YIL137C,YLR283W
YKR043C,YER049W,YAL049C,YHR138C
YPL100W,YNR041C,YER146W,YER137C
YER100W,YOR372C,YGL019W,YIL005W
YDR433W,YLR125W,YBR137W,YJL158C
YBR283C,YEL062W,YJL204C,YGL181W
YOR210W,YKR101W,YLR251W,YGR026W
YIL028W,YDR350C,YDL164C,YPL263C
YDR097C,YAL045C,YOR257W,YGR082W
YAL061W,YJL175W,YIL054W,YAL034C
YLR214W,YPR187W,YIL114C,YOR082C
YGL179C,YNL151C,YPR099C,YGR061C
YJL186W,YGL094C,YOL113W,YBR254C
YGR017W,YPR106W,YHR113W,YOR049C
YLR343W,YDL224C,YDL101C,YGL251C
YDR247W,YIL056W,YMR318C,YLR170C
YBR089W,YLR172C,YOR090C,YFL037W
YDR173C,YBR209W,YML133C,YKL060C
YPR121W,YGR172C,YGL252C,YKL135C
YIL029C,YER152C,YJL134W,YER071C
YIL145C,YEL054C,YDR235W,YIL118W
YFL063W,YKL120W,YNR003C,YPR135W
YMR231W,YDL076C,YBR144C,YGR142W
YCL016C,YGL099W,Q0050,YFL016C
YER170W,YDL159W,YPR028W,YBR272C
YLR362W,YDL135C,YHR184W,YBR298C
YJL117W,YGR069W,YKL216W,YHR085W
YGR237C,YPL061W,YKR081C,YGR195W
YKL016C,YDL175C,YHR145C,YNL330C
YAL034W-A,YAL030W,YER109C,YOR127W
YCL076W,YBL075C,YHR159W,YNR070W
YCR035C,YGR104C,YBL081W,YNL263C
YDL075W,YGL200C,YML126C,YEL034W
YLR005W,YER043C,YDR479C,YPL249C
YDR323C,YIR035C,YGL027C,YLR201C
YJR143C,YMR042W,YER031C,YAR031W
YIL053W,YMR306W,YGR236C,YIL142W
YER028C,YDR488C,YGR184C,YPL151C
YHR096C,YHL022C,YLR092W,YDL119C
YLR115W,YPR079W,YLR250W,YDL067C
YBR234C,YBR091C,YDR545W,YGL253W
YAL023C,YBR041W,YMR087W,YEL038W
YPR031W,YBR249C,YLR094C,YKL102C
YHR071W,YPL019C,YOL117W,YJL020C
YHR140W,YHL038C,YER177W,YBR029C
YOR060C,YBR178W,YIL055C,YHR048W
YLR434C,YDR208W,YNL182C,YER057C
YLR270W,YEL030W,YGR034W,YDR376W
YNL053W,YNL214W,YGR151C,YPL248C
YNL055C,YML011C,YLR388W,YHL026C
YGL195W,YHR109W,YLL065W,YBR190W
YLR372W,YNL136W,YER062C,YDR106W
YOR252W,YDR340W,YBL076C,YBR087W
YPL207W,YLR451W,YCR084C,YJL176C
YLL043W,YER002W,YOR289W,YJL183W
YJR023C,YKL024C,YLR059C,YOR382W
YLR411W,YPR065W,YNR025C,YCR107W
YLR095C,YGL212W,YJR131W,YOR072W
YIR022W,YLR196W,YEL064C,YHR154W
YLR181C,YKL217W,YIL062C,YNL276C
YPR023C,YBR174C,YDL006W,YGR258C
YOR110W,YPL145C,YMR176W,YAL019W
YHR014W,YOR224C,YML037C,YOL032W
YLR290C,YOR162C,YHR195W,YCR016W
YOR313C,YIL065C,YOR374W,YKL155C
YGR193C,YOL108C,YDR387C,YMR200W
YBR244W,YJR069C,YJR121W,YCR060W
YLL024C,YLR001C,YER094C,YHR160C
YDR004W,YKL197C,YER117W,YAL047C
YMR083W,YNR015W,YLR212C,YML127W
YPL189W,YEL065W,YIL071C,YDR122W
YGL217C,YNR060W,YHR083W,YGL125W
YOR281C,YCR066W,YDL239C,YNL093W
YLR074C,YMR294W,YDR176W,YJL089W
YOL072W,YLR447C,YBL072C,YJL192C
YDL153C,YMR192W,YJL184W,YFR026C
YLL021W,YNL078W,YNR040W,YFL039C
YDR356W,YDR262W,YKL215C,YKR095W-A
YHR079C-A,YMR090W,YER019W,YFR028C
YLL008W,YDR334W,YGR115C,YDL168W
YLR312W-A,YGR169C,YOL034W,YJR161C
YDL162C,YBR079C,YKR036C,YPR100W
YNL032W,YDR468C,YML068W,YPR119W
YNL180C,YMR093W,YIL009C-A,YNR001C
YMR315W,YGR135W,YMR268C,YNL186W
YBR239C,YLR466W,YNR047W,YMR209C
YGR156W,YER007C-A,YNL087W,YBR095C
YGR150C,YOR113W,YDR249C,YIL082W
YOR103C,YLL028W,YPR173C,YKL035W
YCL029C,YDL114W,YIL143C,YDR508C
YJR061W,YFL044C,YER127W,YLR073C
YPL105C,YNL196C,YJL130C,YHR075C
YPL098C,YNL257C,YER096W,YKR032W
YOL033W,YOR184W,YLR428C,YLR265C
YOR332W,YPR159W,YPL009C,YGR268C
YGL020C,YDR492W,YCR096C,YMR031C
YGR196C,YLR189C,YKL045W,YDR088C
YAL028W,YCR028C,YER012W,YHL048W
YNL192W,YOR220W,YGR290W,YGR059W
YIL002C,YLR363C,YGR074W,YGR099W
YBR263W,YBL101C,YDR328C,YNL286W
YBR246W,YER067W,YGR242W,YDR170C
YOR311C,YJL160C,YLR108C,YER116C
YKL050C,YML006C,YMR137C,YER132C
YJL207C,YDR066C,YLR421C,YIL047C
YPL159C,YML100W,YDL191W,YGR261C
YOL012C,,,
